,Unnamed: 0,fold,path,loss
1,1,val,"('/home/birk/Datasets/NjordYolo/05_hermes_dag1/images/05_hermes_dag1_frame_100.jpg',)",0.5127015709877014
2,2,val,"('/home/birk/Datasets/NjordYolo/05_hermes_dag1/images/05_hermes_dag1_frame_1000.jpg',)",0.5135015249252319
3,3,val,"('/home/birk/Datasets/NjordYolo/05_hermes_dag1/images/05_hermes_dag1_frame_1025.jpg',)",0.5136926174163818
4,4,val,"('/home/birk/Datasets/NjordYolo/05_hermes_dag1/images/05_hermes_dag1_frame_1050.jpg',)",0.5106330513954163
5,5,val,"('/home/birk/Datasets/NjordYolo/05_hermes_dag1/images/05_hermes_dag1_frame_1075.jpg',)",0.5071317553520203
6,6,val,"('/home/birk/Datasets/NjordYolo/05_hermes_dag1/images/05_hermes_dag1_frame_1100.jpg',)",0.5116428732872009
7,7,val,"('/home/birk/Datasets/NjordYolo/05_hermes_dag1/images/05_hermes_dag1_frame_1125.jpg',)",0.5158684253692627
8,8,val,"('/home/birk/Datasets/NjordYolo/05_hermes_dag1/images/05_hermes_dag1_frame_1150.jpg',)",0.5143918991088867
9,9,val,"('/home/birk/Datasets/NjordYolo/05_hermes_dag1/images/05_hermes_dag1_frame_1175.jpg',)",0.5126814842224121
10,10,val,"('/home/birk/Datasets/NjordYolo/05_hermes_dag1/images/05_hermes_dag1_frame_1200.jpg',)",0.5117304921150208
11,11,val,"('/home/birk/Datasets/NjordYolo/05_hermes_dag1/images/05_hermes_dag1_frame_1225.jpg',)",0.5092903971672058
12,12,val,"('/home/birk/Datasets/NjordYolo/05_hermes_dag1/images/05_hermes_dag1_frame_125.jpg',)",0.5089694261550903
13,13,val,"('/home/birk/Datasets/NjordYolo/05_hermes_dag1/images/05_hermes_dag1_frame_1250.jpg',)",0.5068090558052063
14,14,val,"('/home/birk/Datasets/NjordYolo/05_hermes_dag1/images/05_hermes_dag1_frame_1275.jpg',)",0.5059161186218262
15,15,val,"('/home/birk/Datasets/NjordYolo/05_hermes_dag1/images/05_hermes_dag1_frame_1300.jpg',)",0.5078824162483215
16,16,val,"('/home/birk/Datasets/NjordYolo/05_hermes_dag1/images/05_hermes_dag1_frame_1325.jpg',)",0.5100793838500977
17,17,val,"('/home/birk/Datasets/NjordYolo/05_hermes_dag1/images/05_hermes_dag1_frame_1350.jpg',)",0.5126966238021851
18,18,val,"('/home/birk/Datasets/NjordYolo/05_hermes_dag1/images/05_hermes_dag1_frame_1375.jpg',)",0.5111337900161743
19,19,val,"('/home/birk/Datasets/NjordYolo/05_hermes_dag1/images/05_hermes_dag1_frame_1400.jpg',)",0.5126686096191406
20,20,val,"('/home/birk/Datasets/NjordYolo/05_hermes_dag1/images/05_hermes_dag1_frame_1425.jpg',)",0.5075671672821045
21,21,val,"('/home/birk/Datasets/NjordYolo/05_hermes_dag1/images/05_hermes_dag1_frame_1450.jpg',)",0.50633704662323
22,22,val,"('/home/birk/Datasets/NjordYolo/05_hermes_dag1/images/05_hermes_dag1_frame_1475.jpg',)",0.5065280795097351
23,23,val,"('/home/birk/Datasets/NjordYolo/05_hermes_dag1/images/05_hermes_dag1_frame_150.jpg',)",0.5061426162719727
24,24,val,"('/home/birk/Datasets/NjordYolo/05_hermes_dag1/images/05_hermes_dag1_frame_1500.jpg',)",0.5058131814002991
25,25,val,"('/home/birk/Datasets/NjordYolo/05_hermes_dag1/images/05_hermes_dag1_frame_1525.jpg',)",0.5061203837394714
26,26,val,"('/home/birk/Datasets/NjordYolo/05_hermes_dag1/images/05_hermes_dag1_frame_1550.jpg',)",0.5087032318115234
27,27,val,"('/home/birk/Datasets/NjordYolo/05_hermes_dag1/images/05_hermes_dag1_frame_1575.jpg',)",0.5108113288879395
28,28,val,"('/home/birk/Datasets/NjordYolo/05_hermes_dag1/images/05_hermes_dag1_frame_1600.jpg',)",0.5111976265907288
29,29,val,"('/home/birk/Datasets/NjordYolo/05_hermes_dag1/images/05_hermes_dag1_frame_1625.jpg',)",0.5066831111907959
30,30,val,"('/home/birk/Datasets/NjordYolo/05_hermes_dag1/images/05_hermes_dag1_frame_1650.jpg',)",0.5102953314781189
31,31,val,"('/home/birk/Datasets/NjordYolo/05_hermes_dag1/images/05_hermes_dag1_frame_1675.jpg',)",0.5118284225463867
32,32,val,"('/home/birk/Datasets/NjordYolo/05_hermes_dag1/images/05_hermes_dag1_frame_1700.jpg',)",0.5125998854637146
33,33,val,"('/home/birk/Datasets/NjordYolo/05_hermes_dag1/images/05_hermes_dag1_frame_1725.jpg',)",0.5103285312652588
34,34,val,"('/home/birk/Datasets/NjordYolo/05_hermes_dag1/images/05_hermes_dag1_frame_175.jpg',)",0.5052801370620728
35,35,val,"('/home/birk/Datasets/NjordYolo/05_hermes_dag1/images/05_hermes_dag1_frame_1750.jpg',)",0.508437991142273
36,36,val,"('/home/birk/Datasets/NjordYolo/05_hermes_dag1/images/05_hermes_dag1_frame_1775.jpg',)",0.5073386430740356
37,37,val,"('/home/birk/Datasets/NjordYolo/05_hermes_dag1/images/05_hermes_dag1_frame_1800.jpg',)",0.5072228908538818
38,38,val,"('/home/birk/Datasets/NjordYolo/05_hermes_dag1/images/05_hermes_dag1_frame_1825.jpg',)",0.5094369053840637
39,39,val,"('/home/birk/Datasets/NjordYolo/05_hermes_dag1/images/05_hermes_dag1_frame_1850.jpg',)",0.5082411766052246
40,40,val,"('/home/birk/Datasets/NjordYolo/05_hermes_dag1/images/05_hermes_dag1_frame_1875.jpg',)",0.5070348381996155
41,41,val,"('/home/birk/Datasets/NjordYolo/05_hermes_dag1/images/05_hermes_dag1_frame_1900.jpg',)",0.5051887631416321
42,42,val,"('/home/birk/Datasets/NjordYolo/05_hermes_dag1/images/05_hermes_dag1_frame_1925.jpg',)",0.505085825920105
43,43,val,"('/home/birk/Datasets/NjordYolo/05_hermes_dag1/images/05_hermes_dag1_frame_1950.jpg',)",0.5064845085144043
44,44,val,"('/home/birk/Datasets/NjordYolo/05_hermes_dag1/images/05_hermes_dag1_frame_1975.jpg',)",0.5104756951332092
45,45,val,"('/home/birk/Datasets/NjordYolo/05_hermes_dag1/images/05_hermes_dag1_frame_200.jpg',)",0.5107792615890503
46,46,val,"('/home/birk/Datasets/NjordYolo/05_hermes_dag1/images/05_hermes_dag1_frame_2000.jpg',)",0.5122496485710144
47,47,val,"('/home/birk/Datasets/NjordYolo/05_hermes_dag1/images/05_hermes_dag1_frame_2025.jpg',)",0.5151412487030029
48,48,val,"('/home/birk/Datasets/NjordYolo/05_hermes_dag1/images/05_hermes_dag1_frame_2050.jpg',)",0.5122365355491638
49,49,val,"('/home/birk/Datasets/NjordYolo/05_hermes_dag1/images/05_hermes_dag1_frame_2075.jpg',)",0.5116720795631409
50,50,val,"('/home/birk/Datasets/NjordYolo/05_hermes_dag1/images/05_hermes_dag1_frame_2100.jpg',)",0.5119682550430298
51,51,val,"('/home/birk/Datasets/NjordYolo/05_hermes_dag1/images/05_hermes_dag1_frame_2125.jpg',)",0.5114725828170776
52,52,val,"('/home/birk/Datasets/NjordYolo/05_hermes_dag1/images/05_hermes_dag1_frame_2150.jpg',)",0.5095611214637756
53,53,val,"('/home/birk/Datasets/NjordYolo/05_hermes_dag1/images/05_hermes_dag1_frame_2175.jpg',)",0.5086220502853394
54,54,val,"('/home/birk/Datasets/NjordYolo/05_hermes_dag1/images/05_hermes_dag1_frame_2200.jpg',)",0.5073545575141907
55,55,val,"('/home/birk/Datasets/NjordYolo/05_hermes_dag1/images/05_hermes_dag1_frame_2225.jpg',)",0.5096024870872498
56,56,val,"('/home/birk/Datasets/NjordYolo/05_hermes_dag1/images/05_hermes_dag1_frame_225.jpg',)",0.5087611675262451
57,57,val,"('/home/birk/Datasets/NjordYolo/05_hermes_dag1/images/05_hermes_dag1_frame_2250.jpg',)",0.5127221941947937
58,58,val,"('/home/birk/Datasets/NjordYolo/05_hermes_dag1/images/05_hermes_dag1_frame_2275.jpg',)",0.5147292613983154
59,59,val,"('/home/birk/Datasets/NjordYolo/05_hermes_dag1/images/05_hermes_dag1_frame_2300.jpg',)",0.5145378708839417
60,60,val,"('/home/birk/Datasets/NjordYolo/05_hermes_dag1/images/05_hermes_dag1_frame_2325.jpg',)",0.515336275100708
61,61,val,"('/home/birk/Datasets/NjordYolo/05_hermes_dag1/images/05_hermes_dag1_frame_2350.jpg',)",0.5131188631057739
62,62,val,"('/home/birk/Datasets/NjordYolo/05_hermes_dag1/images/05_hermes_dag1_frame_2375.jpg',)",0.5099591612815857
63,63,val,"('/home/birk/Datasets/NjordYolo/05_hermes_dag1/images/05_hermes_dag1_frame_2400.jpg',)",0.5094186663627625
64,64,val,"('/home/birk/Datasets/NjordYolo/05_hermes_dag1/images/05_hermes_dag1_frame_2425.jpg',)",0.5099608898162842
65,65,val,"('/home/birk/Datasets/NjordYolo/05_hermes_dag1/images/05_hermes_dag1_frame_2450.jpg',)",0.5091213583946228
66,66,val,"('/home/birk/Datasets/NjordYolo/05_hermes_dag1/images/05_hermes_dag1_frame_2475.jpg',)",0.5099372863769531
67,67,val,"('/home/birk/Datasets/NjordYolo/05_hermes_dag1/images/05_hermes_dag1_frame_25.jpg',)",0.532886803150177
68,68,val,"('/home/birk/Datasets/NjordYolo/05_hermes_dag1/images/05_hermes_dag1_frame_250.jpg',)",0.5080236196517944
69,69,val,"('/home/birk/Datasets/NjordYolo/05_hermes_dag1/images/05_hermes_dag1_frame_2500.jpg',)",0.5089074969291687
70,70,val,"('/home/birk/Datasets/NjordYolo/05_hermes_dag1/images/05_hermes_dag1_frame_2525.jpg',)",0.5087875723838806
71,71,val,"('/home/birk/Datasets/NjordYolo/05_hermes_dag1/images/05_hermes_dag1_frame_2550.jpg',)",0.5096367597579956
72,72,val,"('/home/birk/Datasets/NjordYolo/05_hermes_dag1/images/05_hermes_dag1_frame_2575.jpg',)",0.5118351578712463
73,73,val,"('/home/birk/Datasets/NjordYolo/05_hermes_dag1/images/05_hermes_dag1_frame_2600.jpg',)",0.5118091702461243
74,74,val,"('/home/birk/Datasets/NjordYolo/05_hermes_dag1/images/05_hermes_dag1_frame_2625.jpg',)",0.511910080909729
75,75,val,"('/home/birk/Datasets/NjordYolo/05_hermes_dag1/images/05_hermes_dag1_frame_2650.jpg',)",0.5107564926147461
76,76,val,"('/home/birk/Datasets/NjordYolo/05_hermes_dag1/images/05_hermes_dag1_frame_2675.jpg',)",0.5111896395683289
77,77,val,"('/home/birk/Datasets/NjordYolo/05_hermes_dag1/images/05_hermes_dag1_frame_2700.jpg',)",0.5106874108314514
78,78,val,"('/home/birk/Datasets/NjordYolo/05_hermes_dag1/images/05_hermes_dag1_frame_2725.jpg',)",0.5091640949249268
79,79,val,"('/home/birk/Datasets/NjordYolo/05_hermes_dag1/images/05_hermes_dag1_frame_275.jpg',)",0.5073561072349548
80,80,val,"('/home/birk/Datasets/NjordYolo/05_hermes_dag1/images/05_hermes_dag1_frame_2750.jpg',)",0.5107182264328003
81,81,val,"('/home/birk/Datasets/NjordYolo/05_hermes_dag1/images/05_hermes_dag1_frame_2775.jpg',)",0.512525737285614
82,82,val,"('/home/birk/Datasets/NjordYolo/05_hermes_dag1/images/05_hermes_dag1_frame_2800.jpg',)",0.5127130150794983
83,83,val,"('/home/birk/Datasets/NjordYolo/05_hermes_dag1/images/05_hermes_dag1_frame_2825.jpg',)",0.5125626921653748
84,84,val,"('/home/birk/Datasets/NjordYolo/05_hermes_dag1/images/05_hermes_dag1_frame_2850.jpg',)",0.5089708566665649
85,85,val,"('/home/birk/Datasets/NjordYolo/05_hermes_dag1/images/05_hermes_dag1_frame_2875.jpg',)",0.5051960945129395
86,86,val,"('/home/birk/Datasets/NjordYolo/05_hermes_dag1/images/05_hermes_dag1_frame_2900.jpg',)",0.5043395757675171
87,87,val,"('/home/birk/Datasets/NjordYolo/05_hermes_dag1/images/05_hermes_dag1_frame_2925.jpg',)",0.5044554471969604
88,88,val,"('/home/birk/Datasets/NjordYolo/05_hermes_dag1/images/05_hermes_dag1_frame_2950.jpg',)",0.5062922835350037
89,89,val,"('/home/birk/Datasets/NjordYolo/05_hermes_dag1/images/05_hermes_dag1_frame_2975.jpg',)",0.5114420652389526
90,90,val,"('/home/birk/Datasets/NjordYolo/05_hermes_dag1/images/05_hermes_dag1_frame_300.jpg',)",0.5088590383529663
91,91,val,"('/home/birk/Datasets/NjordYolo/05_hermes_dag1/images/05_hermes_dag1_frame_3000.jpg',)",0.5148537755012512
92,92,val,"('/home/birk/Datasets/NjordYolo/05_hermes_dag1/images/05_hermes_dag1_frame_3025.jpg',)",0.5101304650306702
93,93,val,"('/home/birk/Datasets/NjordYolo/05_hermes_dag1/images/05_hermes_dag1_frame_3050.jpg',)",0.5094825029373169
94,94,val,"('/home/birk/Datasets/NjordYolo/05_hermes_dag1/images/05_hermes_dag1_frame_3075.jpg',)",0.5093234777450562
95,95,val,"('/home/birk/Datasets/NjordYolo/05_hermes_dag1/images/05_hermes_dag1_frame_3100.jpg',)",0.5106911659240723
96,96,val,"('/home/birk/Datasets/NjordYolo/05_hermes_dag1/images/05_hermes_dag1_frame_3125.jpg',)",0.5127611756324768
97,97,val,"('/home/birk/Datasets/NjordYolo/05_hermes_dag1/images/05_hermes_dag1_frame_3150.jpg',)",0.5134522914886475
98,98,val,"('/home/birk/Datasets/NjordYolo/05_hermes_dag1/images/05_hermes_dag1_frame_3175.jpg',)",0.5131169557571411
99,99,val,"('/home/birk/Datasets/NjordYolo/05_hermes_dag1/images/05_hermes_dag1_frame_3200.jpg',)",0.5079035758972168
100,100,val,"('/home/birk/Datasets/NjordYolo/05_hermes_dag1/images/05_hermes_dag1_frame_3225.jpg',)",0.5052688717842102
101,101,val,"('/home/birk/Datasets/NjordYolo/05_hermes_dag1/images/05_hermes_dag1_frame_325.jpg',)",0.5131287574768066
102,102,val,"('/home/birk/Datasets/NjordYolo/05_hermes_dag1/images/05_hermes_dag1_frame_3250.jpg',)",0.5046426057815552
103,103,val,"('/home/birk/Datasets/NjordYolo/05_hermes_dag1/images/05_hermes_dag1_frame_3275.jpg',)",0.5053545832633972
104,104,val,"('/home/birk/Datasets/NjordYolo/05_hermes_dag1/images/05_hermes_dag1_frame_3300.jpg',)",0.5088773369789124
105,105,val,"('/home/birk/Datasets/NjordYolo/05_hermes_dag1/images/05_hermes_dag1_frame_3325.jpg',)",0.5119088292121887
106,106,val,"('/home/birk/Datasets/NjordYolo/05_hermes_dag1/images/05_hermes_dag1_frame_3350.jpg',)",0.5124632120132446
107,107,val,"('/home/birk/Datasets/NjordYolo/05_hermes_dag1/images/05_hermes_dag1_frame_3375.jpg',)",0.5092843770980835
108,108,val,"('/home/birk/Datasets/NjordYolo/05_hermes_dag1/images/05_hermes_dag1_frame_3400.jpg',)",0.5102251768112183
109,109,val,"('/home/birk/Datasets/NjordYolo/05_hermes_dag1/images/05_hermes_dag1_frame_3425.jpg',)",0.5109009146690369
110,110,val,"('/home/birk/Datasets/NjordYolo/05_hermes_dag1/images/05_hermes_dag1_frame_3450.jpg',)",0.5125755667686462
111,111,val,"('/home/birk/Datasets/NjordYolo/05_hermes_dag1/images/05_hermes_dag1_frame_3475.jpg',)",0.5122178196907043
112,112,val,"('/home/birk/Datasets/NjordYolo/05_hermes_dag1/images/05_hermes_dag1_frame_350.jpg',)",0.5120449066162109
113,113,val,"('/home/birk/Datasets/NjordYolo/05_hermes_dag1/images/05_hermes_dag1_frame_3500.jpg',)",0.5140212774276733
114,114,val,"('/home/birk/Datasets/NjordYolo/05_hermes_dag1/images/05_hermes_dag1_frame_3525.jpg',)",0.5115422010421753
115,115,val,"('/home/birk/Datasets/NjordYolo/05_hermes_dag1/images/05_hermes_dag1_frame_3550.jpg',)",0.509247899055481
123,123,val,"('/home/birk/Datasets/NjordYolo/05_hermes_dag1/images/05_hermes_dag1_frame_375.jpg',)",0.5107622146606445
134,134,val,"('/home/birk/Datasets/NjordYolo/05_hermes_dag1/images/05_hermes_dag1_frame_400.jpg',)",0.5163394212722778
145,145,val,"('/home/birk/Datasets/NjordYolo/05_hermes_dag1/images/05_hermes_dag1_frame_425.jpg',)",0.5150132775306702
156,156,val,"('/home/birk/Datasets/NjordYolo/05_hermes_dag1/images/05_hermes_dag1_frame_450.jpg',)",0.5142726302146912
167,167,val,"('/home/birk/Datasets/NjordYolo/05_hermes_dag1/images/05_hermes_dag1_frame_475.jpg',)",0.5135471820831299
178,178,val,"('/home/birk/Datasets/NjordYolo/05_hermes_dag1/images/05_hermes_dag1_frame_50.jpg',)",0.5332571864128113
179,179,val,"('/home/birk/Datasets/NjordYolo/05_hermes_dag1/images/05_hermes_dag1_frame_500.jpg',)",0.5123863816261292
190,190,val,"('/home/birk/Datasets/NjordYolo/05_hermes_dag1/images/05_hermes_dag1_frame_525.jpg',)",0.5022230744361877
201,201,val,"('/home/birk/Datasets/NjordYolo/05_hermes_dag1/images/05_hermes_dag1_frame_550.jpg',)",0.5048865079879761
212,212,val,"('/home/birk/Datasets/NjordYolo/05_hermes_dag1/images/05_hermes_dag1_frame_575.jpg',)",0.5090065598487854
223,223,val,"('/home/birk/Datasets/NjordYolo/05_hermes_dag1/images/05_hermes_dag1_frame_600.jpg',)",0.5110977292060852
234,234,val,"('/home/birk/Datasets/NjordYolo/05_hermes_dag1/images/05_hermes_dag1_frame_625.jpg',)",0.5086369514465332
245,245,val,"('/home/birk/Datasets/NjordYolo/05_hermes_dag1/images/05_hermes_dag1_frame_650.jpg',)",0.5099501013755798
256,256,val,"('/home/birk/Datasets/NjordYolo/05_hermes_dag1/images/05_hermes_dag1_frame_675.jpg',)",0.5121477246284485
267,267,val,"('/home/birk/Datasets/NjordYolo/05_hermes_dag1/images/05_hermes_dag1_frame_700.jpg',)",0.5143418312072754
278,278,val,"('/home/birk/Datasets/NjordYolo/05_hermes_dag1/images/05_hermes_dag1_frame_725.jpg',)",0.5141955614089966
289,289,val,"('/home/birk/Datasets/NjordYolo/05_hermes_dag1/images/05_hermes_dag1_frame_75.jpg',)",0.5293540358543396
290,290,val,"('/home/birk/Datasets/NjordYolo/05_hermes_dag1/images/05_hermes_dag1_frame_750.jpg',)",0.5139966011047363
294,294,val,"('/home/birk/Datasets/NjordYolo/05_hermes_dag1/images/05_hermes_dag1_frame_7575.jpg',)",0.7490872740745544
295,295,val,"('/home/birk/Datasets/NjordYolo/05_hermes_dag1/images/05_hermes_dag1_frame_7600.jpg',)",0.7480391263961792
296,296,val,"('/home/birk/Datasets/NjordYolo/05_hermes_dag1/images/05_hermes_dag1_frame_7625.jpg',)",0.748177707195282
297,297,val,"('/home/birk/Datasets/NjordYolo/05_hermes_dag1/images/05_hermes_dag1_frame_7650.jpg',)",0.748647928237915
298,298,val,"('/home/birk/Datasets/NjordYolo/05_hermes_dag1/images/05_hermes_dag1_frame_7675.jpg',)",0.7496695518493652
299,299,val,"('/home/birk/Datasets/NjordYolo/05_hermes_dag1/images/05_hermes_dag1_frame_7700.jpg',)",0.7503997087478638
300,300,val,"('/home/birk/Datasets/NjordYolo/05_hermes_dag1/images/05_hermes_dag1_frame_7725.jpg',)",0.7579964399337769
301,301,val,"('/home/birk/Datasets/NjordYolo/05_hermes_dag1/images/05_hermes_dag1_frame_775.jpg',)",0.5149185657501221
302,302,val,"('/home/birk/Datasets/NjordYolo/05_hermes_dag1/images/05_hermes_dag1_frame_7750.jpg',)",0.7474114298820496
303,303,val,"('/home/birk/Datasets/NjordYolo/05_hermes_dag1/images/05_hermes_dag1_frame_7775.jpg',)",0.7601401805877686
304,304,val,"('/home/birk/Datasets/NjordYolo/05_hermes_dag1/images/05_hermes_dag1_frame_7800.jpg',)",0.7574224472045898
312,312,val,"('/home/birk/Datasets/NjordYolo/05_hermes_dag1/images/05_hermes_dag1_frame_800.jpg',)",0.5136715769767761
323,323,val,"('/home/birk/Datasets/NjordYolo/05_hermes_dag1/images/05_hermes_dag1_frame_825.jpg',)",0.5126509070396423
327,327,val,"('/home/birk/Datasets/NjordYolo/05_hermes_dag1/images/05_hermes_dag1_frame_8325.jpg',)",0.6395817995071411
328,328,val,"('/home/birk/Datasets/NjordYolo/05_hermes_dag1/images/05_hermes_dag1_frame_8350.jpg',)",0.6409215331077576
334,334,val,"('/home/birk/Datasets/NjordYolo/05_hermes_dag1/images/05_hermes_dag1_frame_850.jpg',)",0.5110902786254883
345,345,val,"('/home/birk/Datasets/NjordYolo/05_hermes_dag1/images/05_hermes_dag1_frame_875.jpg',)",0.5109472274780273
352,352,val,"('/home/birk/Datasets/NjordYolo/05_hermes_dag1/images/05_hermes_dag1_frame_900.jpg',)",0.5107308626174927
353,353,val,"('/home/birk/Datasets/NjordYolo/05_hermes_dag1/images/05_hermes_dag1_frame_925.jpg',)",0.5109922885894775
354,354,val,"('/home/birk/Datasets/NjordYolo/05_hermes_dag1/images/05_hermes_dag1_frame_950.jpg',)",0.5116809606552124
355,355,val,"('/home/birk/Datasets/NjordYolo/05_hermes_dag1/images/05_hermes_dag1_frame_975.jpg',)",0.5134631991386414
357,357,val,"('/home/birk/Datasets/NjordYolo/05_hermes_dag3/images/05_hermes_dag3_frame_100.jpg',)",0.5132638216018677
358,358,val,"('/home/birk/Datasets/NjordYolo/05_hermes_dag3/images/05_hermes_dag3_frame_1000.jpg',)",0.6800645589828491
365,365,val,"('/home/birk/Datasets/NjordYolo/05_hermes_dag3/images/05_hermes_dag3_frame_10150.jpg',)",0.5256730914115906
366,366,val,"('/home/birk/Datasets/NjordYolo/05_hermes_dag3/images/05_hermes_dag3_frame_10175.jpg',)",0.5169970989227295
367,367,val,"('/home/birk/Datasets/NjordYolo/05_hermes_dag3/images/05_hermes_dag3_frame_10200.jpg',)",0.5160413980484009
368,368,val,"('/home/birk/Datasets/NjordYolo/05_hermes_dag3/images/05_hermes_dag3_frame_10225.jpg',)",0.5140802264213562
369,369,val,"('/home/birk/Datasets/NjordYolo/05_hermes_dag3/images/05_hermes_dag3_frame_1025.jpg',)",0.7982164025306702
370,370,val,"('/home/birk/Datasets/NjordYolo/05_hermes_dag3/images/05_hermes_dag3_frame_10250.jpg',)",0.5111588835716248
371,371,val,"('/home/birk/Datasets/NjordYolo/05_hermes_dag3/images/05_hermes_dag3_frame_10275.jpg',)",0.5104097723960876
372,372,val,"('/home/birk/Datasets/NjordYolo/05_hermes_dag3/images/05_hermes_dag3_frame_10300.jpg',)",0.5105758905410767
373,373,val,"('/home/birk/Datasets/NjordYolo/05_hermes_dag3/images/05_hermes_dag3_frame_10325.jpg',)",0.5108602643013
374,374,val,"('/home/birk/Datasets/NjordYolo/05_hermes_dag3/images/05_hermes_dag3_frame_10350.jpg',)",0.5112557411193848
375,375,val,"('/home/birk/Datasets/NjordYolo/05_hermes_dag3/images/05_hermes_dag3_frame_10375.jpg',)",0.5097239017486572
376,376,val,"('/home/birk/Datasets/NjordYolo/05_hermes_dag3/images/05_hermes_dag3_frame_10400.jpg',)",0.5109143853187561
377,377,val,"('/home/birk/Datasets/NjordYolo/05_hermes_dag3/images/05_hermes_dag3_frame_10425.jpg',)",0.5118098855018616
378,378,val,"('/home/birk/Datasets/NjordYolo/05_hermes_dag3/images/05_hermes_dag3_frame_10450.jpg',)",0.5113817453384399
379,379,val,"('/home/birk/Datasets/NjordYolo/05_hermes_dag3/images/05_hermes_dag3_frame_10475.jpg',)",0.5109584331512451
380,380,val,"('/home/birk/Datasets/NjordYolo/05_hermes_dag3/images/05_hermes_dag3_frame_1050.jpg',)",0.7979748845100403
381,381,val,"('/home/birk/Datasets/NjordYolo/05_hermes_dag3/images/05_hermes_dag3_frame_10500.jpg',)",0.5115906000137329
382,382,val,"('/home/birk/Datasets/NjordYolo/05_hermes_dag3/images/05_hermes_dag3_frame_10525.jpg',)",0.5116924047470093
383,383,val,"('/home/birk/Datasets/NjordYolo/05_hermes_dag3/images/05_hermes_dag3_frame_10550.jpg',)",0.5119278430938721
384,384,val,"('/home/birk/Datasets/NjordYolo/05_hermes_dag3/images/05_hermes_dag3_frame_10575.jpg',)",0.5196293592453003
385,385,val,"('/home/birk/Datasets/NjordYolo/05_hermes_dag3/images/05_hermes_dag3_frame_10600.jpg',)",0.5179252624511719
386,386,val,"('/home/birk/Datasets/NjordYolo/05_hermes_dag3/images/05_hermes_dag3_frame_10625.jpg',)",0.5167868137359619
387,387,val,"('/home/birk/Datasets/NjordYolo/05_hermes_dag3/images/05_hermes_dag3_frame_10650.jpg',)",0.5182105898857117
388,388,val,"('/home/birk/Datasets/NjordYolo/05_hermes_dag3/images/05_hermes_dag3_frame_10675.jpg',)",0.516970157623291
389,389,val,"('/home/birk/Datasets/NjordYolo/05_hermes_dag3/images/05_hermes_dag3_frame_10700.jpg',)",0.5150250196456909
390,390,val,"('/home/birk/Datasets/NjordYolo/05_hermes_dag3/images/05_hermes_dag3_frame_10725.jpg',)",0.5145959258079529
392,392,val,"('/home/birk/Datasets/NjordYolo/05_hermes_dag3/images/05_hermes_dag3_frame_10750.jpg',)",0.5115303993225098
393,393,val,"('/home/birk/Datasets/NjordYolo/05_hermes_dag3/images/05_hermes_dag3_frame_10775.jpg',)",0.5116196870803833
394,394,val,"('/home/birk/Datasets/NjordYolo/05_hermes_dag3/images/05_hermes_dag3_frame_10800.jpg',)",0.5124645233154297
395,395,val,"('/home/birk/Datasets/NjordYolo/05_hermes_dag3/images/05_hermes_dag3_frame_10825.jpg',)",0.511783242225647
396,396,val,"('/home/birk/Datasets/NjordYolo/05_hermes_dag3/images/05_hermes_dag3_frame_10850.jpg',)",0.5226863026618958
397,397,val,"('/home/birk/Datasets/NjordYolo/05_hermes_dag3/images/05_hermes_dag3_frame_10875.jpg',)",0.5244261026382446
398,398,val,"('/home/birk/Datasets/NjordYolo/05_hermes_dag3/images/05_hermes_dag3_frame_10900.jpg',)",0.5235556960105896
399,399,val,"('/home/birk/Datasets/NjordYolo/05_hermes_dag3/images/05_hermes_dag3_frame_10925.jpg',)",0.5225147604942322
400,400,val,"('/home/birk/Datasets/NjordYolo/05_hermes_dag3/images/05_hermes_dag3_frame_10950.jpg',)",0.5211549997329712
401,401,val,"('/home/birk/Datasets/NjordYolo/05_hermes_dag3/images/05_hermes_dag3_frame_10975.jpg',)",0.5247900485992432
403,403,val,"('/home/birk/Datasets/NjordYolo/05_hermes_dag3/images/05_hermes_dag3_frame_11000.jpg',)",0.5274976491928101
404,404,val,"('/home/birk/Datasets/NjordYolo/05_hermes_dag3/images/05_hermes_dag3_frame_11025.jpg',)",0.5216002464294434
405,405,val,"('/home/birk/Datasets/NjordYolo/05_hermes_dag3/images/05_hermes_dag3_frame_11050.jpg',)",0.5256036520004272
406,406,val,"('/home/birk/Datasets/NjordYolo/05_hermes_dag3/images/05_hermes_dag3_frame_11075.jpg',)",0.5333054661750793
407,407,val,"('/home/birk/Datasets/NjordYolo/05_hermes_dag3/images/05_hermes_dag3_frame_11100.jpg',)",0.5345516800880432
408,408,val,"('/home/birk/Datasets/NjordYolo/05_hermes_dag3/images/05_hermes_dag3_frame_11125.jpg',)",0.5340372323989868
424,424,val,"('/home/birk/Datasets/NjordYolo/05_hermes_dag3/images/05_hermes_dag3_frame_1150.jpg',)",0.7963870167732239
435,435,val,"('/home/birk/Datasets/NjordYolo/05_hermes_dag3/images/05_hermes_dag3_frame_1175.jpg',)",0.7946755886077881
446,446,val,"('/home/birk/Datasets/NjordYolo/05_hermes_dag3/images/05_hermes_dag3_frame_1200.jpg',)",0.793323278427124
457,457,val,"('/home/birk/Datasets/NjordYolo/05_hermes_dag3/images/05_hermes_dag3_frame_1225.jpg',)",0.7921115756034851
467,467,val,"('/home/birk/Datasets/NjordYolo/05_hermes_dag3/images/05_hermes_dag3_frame_125.jpg',)",0.5136674642562866
468,468,val,"('/home/birk/Datasets/NjordYolo/05_hermes_dag3/images/05_hermes_dag3_frame_1250.jpg',)",0.7918573021888733
469,469,val,"('/home/birk/Datasets/NjordYolo/05_hermes_dag3/images/05_hermes_dag3_frame_1275.jpg',)",0.7915091514587402
470,470,val,"('/home/birk/Datasets/NjordYolo/05_hermes_dag3/images/05_hermes_dag3_frame_1300.jpg',)",0.7923966646194458
471,471,val,"('/home/birk/Datasets/NjordYolo/05_hermes_dag3/images/05_hermes_dag3_frame_1325.jpg',)",0.7921302914619446
472,472,val,"('/home/birk/Datasets/NjordYolo/05_hermes_dag3/images/05_hermes_dag3_frame_1350.jpg',)",0.7926238179206848
473,473,val,"('/home/birk/Datasets/NjordYolo/05_hermes_dag3/images/05_hermes_dag3_frame_1375.jpg',)",0.7944337129592896
474,474,val,"('/home/birk/Datasets/NjordYolo/05_hermes_dag3/images/05_hermes_dag3_frame_1400.jpg',)",0.797236979007721
477,477,val,"('/home/birk/Datasets/NjordYolo/05_hermes_dag3/images/05_hermes_dag3_frame_1475.jpg',)",0.7965077757835388
478,478,val,"('/home/birk/Datasets/NjordYolo/05_hermes_dag3/images/05_hermes_dag3_frame_150.jpg',)",0.5133665204048157
479,479,val,"('/home/birk/Datasets/NjordYolo/05_hermes_dag3/images/05_hermes_dag3_frame_1500.jpg',)",0.7988989353179932
480,480,val,"('/home/birk/Datasets/NjordYolo/05_hermes_dag3/images/05_hermes_dag3_frame_1525.jpg',)",0.7951070070266724
481,481,val,"('/home/birk/Datasets/NjordYolo/05_hermes_dag3/images/05_hermes_dag3_frame_1550.jpg',)",0.7920276522636414
482,482,val,"('/home/birk/Datasets/NjordYolo/05_hermes_dag3/images/05_hermes_dag3_frame_1575.jpg',)",0.7914919853210449
483,483,val,"('/home/birk/Datasets/NjordYolo/05_hermes_dag3/images/05_hermes_dag3_frame_1600.jpg',)",0.7919864654541016
484,484,val,"('/home/birk/Datasets/NjordYolo/05_hermes_dag3/images/05_hermes_dag3_frame_1625.jpg',)",0.7917547821998596
485,485,val,"('/home/birk/Datasets/NjordYolo/05_hermes_dag3/images/05_hermes_dag3_frame_1650.jpg',)",0.7921171188354492
486,486,val,"('/home/birk/Datasets/NjordYolo/05_hermes_dag3/images/05_hermes_dag3_frame_1675.jpg',)",0.7932000160217285
487,487,val,"('/home/birk/Datasets/NjordYolo/05_hermes_dag3/images/05_hermes_dag3_frame_1700.jpg',)",0.7952550649642944
488,488,val,"('/home/birk/Datasets/NjordYolo/05_hermes_dag3/images/05_hermes_dag3_frame_1725.jpg',)",0.7976837754249573
489,489,val,"('/home/birk/Datasets/NjordYolo/05_hermes_dag3/images/05_hermes_dag3_frame_175.jpg',)",0.5130012035369873
490,490,val,"('/home/birk/Datasets/NjordYolo/05_hermes_dag3/images/05_hermes_dag3_frame_1750.jpg',)",0.7986586093902588
491,491,val,"('/home/birk/Datasets/NjordYolo/05_hermes_dag3/images/05_hermes_dag3_frame_1775.jpg',)",0.7986726760864258
492,492,val,"('/home/birk/Datasets/NjordYolo/05_hermes_dag3/images/05_hermes_dag3_frame_1800.jpg',)",0.7981900572776794
493,493,val,"('/home/birk/Datasets/NjordYolo/05_hermes_dag3/images/05_hermes_dag3_frame_1825.jpg',)",0.7969610691070557
494,494,val,"('/home/birk/Datasets/NjordYolo/05_hermes_dag3/images/05_hermes_dag3_frame_1850.jpg',)",0.7941750884056091
495,495,val,"('/home/birk/Datasets/NjordYolo/05_hermes_dag3/images/05_hermes_dag3_frame_1875.jpg',)",0.7934556603431702
496,496,val,"('/home/birk/Datasets/NjordYolo/05_hermes_dag3/images/05_hermes_dag3_frame_1900.jpg',)",0.7934560775756836
497,497,val,"('/home/birk/Datasets/NjordYolo/05_hermes_dag3/images/05_hermes_dag3_frame_1925.jpg',)",0.7946800589561462
498,498,val,"('/home/birk/Datasets/NjordYolo/05_hermes_dag3/images/05_hermes_dag3_frame_1950.jpg',)",0.7951726317405701
499,499,val,"('/home/birk/Datasets/NjordYolo/05_hermes_dag3/images/05_hermes_dag3_frame_1975.jpg',)",0.7959010004997253
500,500,val,"('/home/birk/Datasets/NjordYolo/05_hermes_dag3/images/05_hermes_dag3_frame_200.jpg',)",0.5118987560272217
501,501,val,"('/home/birk/Datasets/NjordYolo/05_hermes_dag3/images/05_hermes_dag3_frame_2000.jpg',)",0.7962849140167236
502,502,val,"('/home/birk/Datasets/NjordYolo/05_hermes_dag3/images/05_hermes_dag3_frame_2025.jpg',)",0.7966579794883728
503,503,val,"('/home/birk/Datasets/NjordYolo/05_hermes_dag3/images/05_hermes_dag3_frame_2050.jpg',)",0.7954481244087219
504,504,val,"('/home/birk/Datasets/NjordYolo/05_hermes_dag3/images/05_hermes_dag3_frame_2075.jpg',)",0.7931385636329651
505,505,val,"('/home/birk/Datasets/NjordYolo/05_hermes_dag3/images/05_hermes_dag3_frame_2100.jpg',)",0.7911040782928467
506,506,val,"('/home/birk/Datasets/NjordYolo/05_hermes_dag3/images/05_hermes_dag3_frame_2125.jpg',)",0.791081428527832
507,507,val,"('/home/birk/Datasets/NjordYolo/05_hermes_dag3/images/05_hermes_dag3_frame_2150.jpg',)",0.7915680408477783
508,508,val,"('/home/birk/Datasets/NjordYolo/05_hermes_dag3/images/05_hermes_dag3_frame_2175.jpg',)",0.7926886081695557
509,509,val,"('/home/birk/Datasets/NjordYolo/05_hermes_dag3/images/05_hermes_dag3_frame_2200.jpg',)",0.7945249080657959
510,510,val,"('/home/birk/Datasets/NjordYolo/05_hermes_dag3/images/05_hermes_dag3_frame_2225.jpg',)",0.7941323518753052
511,511,val,"('/home/birk/Datasets/NjordYolo/05_hermes_dag3/images/05_hermes_dag3_frame_225.jpg',)",0.5116323232650757
512,512,val,"('/home/birk/Datasets/NjordYolo/05_hermes_dag3/images/05_hermes_dag3_frame_2250.jpg',)",0.7955828309059143
513,513,val,"('/home/birk/Datasets/NjordYolo/05_hermes_dag3/images/05_hermes_dag3_frame_2275.jpg',)",0.7964199781417847
514,514,val,"('/home/birk/Datasets/NjordYolo/05_hermes_dag3/images/05_hermes_dag3_frame_2300.jpg',)",0.7966876029968262
515,515,val,"('/home/birk/Datasets/NjordYolo/05_hermes_dag3/images/05_hermes_dag3_frame_2325.jpg',)",0.796933650970459
516,516,val,"('/home/birk/Datasets/NjordYolo/05_hermes_dag3/images/05_hermes_dag3_frame_2350.jpg',)",0.7960737943649292
517,517,val,"('/home/birk/Datasets/NjordYolo/05_hermes_dag3/images/05_hermes_dag3_frame_2375.jpg',)",0.7935441732406616
518,518,val,"('/home/birk/Datasets/NjordYolo/05_hermes_dag3/images/05_hermes_dag3_frame_2400.jpg',)",0.7913708686828613
519,519,val,"('/home/birk/Datasets/NjordYolo/05_hermes_dag3/images/05_hermes_dag3_frame_2425.jpg',)",0.7905207276344299
520,520,val,"('/home/birk/Datasets/NjordYolo/05_hermes_dag3/images/05_hermes_dag3_frame_2450.jpg',)",0.7903964519500732
521,521,val,"('/home/birk/Datasets/NjordYolo/05_hermes_dag3/images/05_hermes_dag3_frame_2475.jpg',)",0.7914778590202332
523,523,val,"('/home/birk/Datasets/NjordYolo/05_hermes_dag3/images/05_hermes_dag3_frame_250.jpg',)",0.5113133192062378
524,524,val,"('/home/birk/Datasets/NjordYolo/05_hermes_dag3/images/05_hermes_dag3_frame_2500.jpg',)",0.7928186058998108
525,525,val,"('/home/birk/Datasets/NjordYolo/05_hermes_dag3/images/05_hermes_dag3_frame_2525.jpg',)",0.7948876619338989
526,526,val,"('/home/birk/Datasets/NjordYolo/05_hermes_dag3/images/05_hermes_dag3_frame_2550.jpg',)",0.796832799911499
527,527,val,"('/home/birk/Datasets/NjordYolo/05_hermes_dag3/images/05_hermes_dag3_frame_2575.jpg',)",0.7964333295822144
528,528,val,"('/home/birk/Datasets/NjordYolo/05_hermes_dag3/images/05_hermes_dag3_frame_2600.jpg',)",0.7961942553520203
529,529,val,"('/home/birk/Datasets/NjordYolo/05_hermes_dag3/images/05_hermes_dag3_frame_2625.jpg',)",0.7948445081710815
530,530,val,"('/home/birk/Datasets/NjordYolo/05_hermes_dag3/images/05_hermes_dag3_frame_2650.jpg',)",0.7936414480209351
531,531,val,"('/home/birk/Datasets/NjordYolo/05_hermes_dag3/images/05_hermes_dag3_frame_2675.jpg',)",0.7936142086982727
532,532,val,"('/home/birk/Datasets/NjordYolo/05_hermes_dag3/images/05_hermes_dag3_frame_2700.jpg',)",0.7921615242958069
533,533,val,"('/home/birk/Datasets/NjordYolo/05_hermes_dag3/images/05_hermes_dag3_frame_2725.jpg',)",0.7952278256416321
534,534,val,"('/home/birk/Datasets/NjordYolo/05_hermes_dag3/images/05_hermes_dag3_frame_275.jpg',)",0.5117501616477966
535,535,val,"('/home/birk/Datasets/NjordYolo/05_hermes_dag3/images/05_hermes_dag3_frame_2750.jpg',)",0.79630446434021
536,536,val,"('/home/birk/Datasets/NjordYolo/05_hermes_dag3/images/05_hermes_dag3_frame_2775.jpg',)",0.7897994518280029
537,537,val,"('/home/birk/Datasets/NjordYolo/05_hermes_dag3/images/05_hermes_dag3_frame_2800.jpg',)",0.7904995679855347
538,538,val,"('/home/birk/Datasets/NjordYolo/05_hermes_dag3/images/05_hermes_dag3_frame_2825.jpg',)",0.7902641296386719
539,539,val,"('/home/birk/Datasets/NjordYolo/05_hermes_dag3/images/05_hermes_dag3_frame_2850.jpg',)",0.78997403383255
540,540,val,"('/home/birk/Datasets/NjordYolo/05_hermes_dag3/images/05_hermes_dag3_frame_2875.jpg',)",0.7902992367744446
541,541,val,"('/home/birk/Datasets/NjordYolo/05_hermes_dag3/images/05_hermes_dag3_frame_2900.jpg',)",0.7915350198745728
542,542,val,"('/home/birk/Datasets/NjordYolo/05_hermes_dag3/images/05_hermes_dag3_frame_2925.jpg',)",0.7911268472671509
543,543,val,"('/home/birk/Datasets/NjordYolo/05_hermes_dag3/images/05_hermes_dag3_frame_2950.jpg',)",0.7908737063407898
544,544,val,"('/home/birk/Datasets/NjordYolo/05_hermes_dag3/images/05_hermes_dag3_frame_2975.jpg',)",0.7910703420639038
545,545,val,"('/home/birk/Datasets/NjordYolo/05_hermes_dag3/images/05_hermes_dag3_frame_300.jpg',)",0.7976772785186768
546,546,val,"('/home/birk/Datasets/NjordYolo/05_hermes_dag3/images/05_hermes_dag3_frame_3000.jpg',)",0.7903646230697632
547,547,val,"('/home/birk/Datasets/NjordYolo/05_hermes_dag3/images/05_hermes_dag3_frame_3025.jpg',)",0.7895416021347046
548,548,val,"('/home/birk/Datasets/NjordYolo/05_hermes_dag3/images/05_hermes_dag3_frame_3050.jpg',)",0.7894174456596375
549,549,val,"('/home/birk/Datasets/NjordYolo/05_hermes_dag3/images/05_hermes_dag3_frame_3075.jpg',)",0.7900390625
550,550,val,"('/home/birk/Datasets/NjordYolo/05_hermes_dag3/images/05_hermes_dag3_frame_3100.jpg',)",0.7909936904907227
551,551,val,"('/home/birk/Datasets/NjordYolo/05_hermes_dag3/images/05_hermes_dag3_frame_3125.jpg',)",0.791717529296875
552,552,val,"('/home/birk/Datasets/NjordYolo/05_hermes_dag3/images/05_hermes_dag3_frame_3150.jpg',)",0.7910206317901611
553,553,val,"('/home/birk/Datasets/NjordYolo/05_hermes_dag3/images/05_hermes_dag3_frame_3175.jpg',)",0.7902945876121521
554,554,val,"('/home/birk/Datasets/NjordYolo/05_hermes_dag3/images/05_hermes_dag3_frame_3200.jpg',)",0.7913364171981812
555,555,val,"('/home/birk/Datasets/NjordYolo/05_hermes_dag3/images/05_hermes_dag3_frame_3225.jpg',)",0.7902742624282837
556,556,val,"('/home/birk/Datasets/NjordYolo/05_hermes_dag3/images/05_hermes_dag3_frame_325.jpg',)",0.7990626096725464
557,557,val,"('/home/birk/Datasets/NjordYolo/05_hermes_dag3/images/05_hermes_dag3_frame_3250.jpg',)",0.7887049913406372
558,558,val,"('/home/birk/Datasets/NjordYolo/05_hermes_dag3/images/05_hermes_dag3_frame_3275.jpg',)",0.788221538066864
563,563,val,"('/home/birk/Datasets/NjordYolo/05_hermes_dag3/images/05_hermes_dag3_frame_3400.jpg',)",0.7812608480453491
564,564,val,"('/home/birk/Datasets/NjordYolo/05_hermes_dag3/images/05_hermes_dag3_frame_3425.jpg',)",0.7874130010604858
565,565,val,"('/home/birk/Datasets/NjordYolo/05_hermes_dag3/images/05_hermes_dag3_frame_3450.jpg',)",0.7901695370674133
567,567,val,"('/home/birk/Datasets/NjordYolo/05_hermes_dag3/images/05_hermes_dag3_frame_350.jpg',)",0.7994548678398132
570,570,val,"('/home/birk/Datasets/NjordYolo/05_hermes_dag3/images/05_hermes_dag3_frame_3550.jpg',)",0.5220732092857361
571,571,val,"('/home/birk/Datasets/NjordYolo/05_hermes_dag3/images/05_hermes_dag3_frame_3575.jpg',)",0.5094857215881348
572,572,val,"('/home/birk/Datasets/NjordYolo/05_hermes_dag3/images/05_hermes_dag3_frame_3600.jpg',)",0.5401546955108643
573,573,val,"('/home/birk/Datasets/NjordYolo/05_hermes_dag3/images/05_hermes_dag3_frame_3625.jpg',)",0.4966662526130676
574,574,val,"('/home/birk/Datasets/NjordYolo/05_hermes_dag3/images/05_hermes_dag3_frame_3650.jpg',)",0.7725745439529419
575,575,val,"('/home/birk/Datasets/NjordYolo/05_hermes_dag3/images/05_hermes_dag3_frame_3675.jpg',)",0.7675769329071045
576,576,val,"('/home/birk/Datasets/NjordYolo/05_hermes_dag3/images/05_hermes_dag3_frame_3700.jpg',)",0.4865531623363495
577,577,val,"('/home/birk/Datasets/NjordYolo/05_hermes_dag3/images/05_hermes_dag3_frame_3725.jpg',)",0.4874692559242248
578,578,val,"('/home/birk/Datasets/NjordYolo/05_hermes_dag3/images/05_hermes_dag3_frame_375.jpg',)",0.797818660736084
579,579,val,"('/home/birk/Datasets/NjordYolo/05_hermes_dag3/images/05_hermes_dag3_frame_3750.jpg',)",0.4864798188209533
580,580,val,"('/home/birk/Datasets/NjordYolo/05_hermes_dag3/images/05_hermes_dag3_frame_3775.jpg',)",0.483959436416626
581,581,val,"('/home/birk/Datasets/NjordYolo/05_hermes_dag3/images/05_hermes_dag3_frame_3800.jpg',)",0.4839018881320953
582,582,val,"('/home/birk/Datasets/NjordYolo/05_hermes_dag3/images/05_hermes_dag3_frame_3825.jpg',)",0.4904138445854187
583,583,val,"('/home/birk/Datasets/NjordYolo/05_hermes_dag3/images/05_hermes_dag3_frame_3850.jpg',)",0.4929864406585693
589,589,val,"('/home/birk/Datasets/NjordYolo/05_hermes_dag3/images/05_hermes_dag3_frame_400.jpg',)",0.7967251539230347
600,600,val,"('/home/birk/Datasets/NjordYolo/05_hermes_dag3/images/05_hermes_dag3_frame_425.jpg',)",0.79767906665802
611,611,val,"('/home/birk/Datasets/NjordYolo/05_hermes_dag3/images/05_hermes_dag3_frame_450.jpg',)",0.7986282110214233
622,622,val,"('/home/birk/Datasets/NjordYolo/05_hermes_dag3/images/05_hermes_dag3_frame_475.jpg',)",0.7989773750305176
633,633,val,"('/home/birk/Datasets/NjordYolo/05_hermes_dag3/images/05_hermes_dag3_frame_50.jpg',)",0.513662576675415
634,634,val,"('/home/birk/Datasets/NjordYolo/05_hermes_dag3/images/05_hermes_dag3_frame_500.jpg',)",0.7984803915023804
645,645,val,"('/home/birk/Datasets/NjordYolo/05_hermes_dag3/images/05_hermes_dag3_frame_525.jpg',)",0.7981931567192078
744,744,val,"('/home/birk/Datasets/NjordYolo/05_hermes_dag3/images/05_hermes_dag3_frame_75.jpg',)",0.5132631659507751
767,767,val,"('/home/birk/Datasets/NjordYolo/05_hermes_dag3/images/05_hermes_dag3_frame_800.jpg',)",0.6775169372558594
778,778,val,"('/home/birk/Datasets/NjordYolo/05_hermes_dag3/images/05_hermes_dag3_frame_825.jpg',)",0.6793224811553955
789,789,val,"('/home/birk/Datasets/NjordYolo/05_hermes_dag3/images/05_hermes_dag3_frame_850.jpg',)",0.6785019040107727
800,800,val,"('/home/birk/Datasets/NjordYolo/05_hermes_dag3/images/05_hermes_dag3_frame_875.jpg',)",0.6795769929885864
811,811,val,"('/home/birk/Datasets/NjordYolo/05_hermes_dag3/images/05_hermes_dag3_frame_900.jpg',)",0.6800640821456909
822,822,val,"('/home/birk/Datasets/NjordYolo/05_hermes_dag3/images/05_hermes_dag3_frame_925.jpg',)",0.6776409149169922
833,833,val,"('/home/birk/Datasets/NjordYolo/05_hermes_dag3/images/05_hermes_dag3_frame_950.jpg',)",0.677881121635437
844,844,val,"('/home/birk/Datasets/NjordYolo/05_hermes_dag3/images/05_hermes_dag3_frame_975.jpg',)",0.6781406402587891
858,858,val,"('/home/birk/Datasets/NjordYolo/05_hermes_dag7/images/05_hermes_dag7_frame_10000.jpg',)",0.5505396723747253
859,859,val,"('/home/birk/Datasets/NjordYolo/05_hermes_dag7/images/05_hermes_dag7_frame_10025.jpg',)",0.5502275824546814
860,860,val,"('/home/birk/Datasets/NjordYolo/05_hermes_dag7/images/05_hermes_dag7_frame_10050.jpg',)",0.5498552322387695
883,883,val,"('/home/birk/Datasets/NjordYolo/05_hermes_dag7/images/05_hermes_dag7_frame_10575.jpg',)",0.6223486661911011
884,884,val,"('/home/birk/Datasets/NjordYolo/05_hermes_dag7/images/05_hermes_dag7_frame_10600.jpg',)",0.6225963234901428
885,885,val,"('/home/birk/Datasets/NjordYolo/05_hermes_dag7/images/05_hermes_dag7_frame_10625.jpg',)",0.623423159122467
886,886,val,"('/home/birk/Datasets/NjordYolo/05_hermes_dag7/images/05_hermes_dag7_frame_10650.jpg',)",0.6241664886474609
887,887,val,"('/home/birk/Datasets/NjordYolo/05_hermes_dag7/images/05_hermes_dag7_frame_10675.jpg',)",0.6250025629997253
888,888,val,"('/home/birk/Datasets/NjordYolo/05_hermes_dag7/images/05_hermes_dag7_frame_10700.jpg',)",0.6248825192451477
889,889,val,"('/home/birk/Datasets/NjordYolo/05_hermes_dag7/images/05_hermes_dag7_frame_10725.jpg',)",0.625002384185791
891,891,val,"('/home/birk/Datasets/NjordYolo/05_hermes_dag7/images/05_hermes_dag7_frame_10750.jpg',)",0.6241631507873535
892,892,val,"('/home/birk/Datasets/NjordYolo/05_hermes_dag7/images/05_hermes_dag7_frame_10775.jpg',)",0.6231907606124878
893,893,val,"('/home/birk/Datasets/NjordYolo/05_hermes_dag7/images/05_hermes_dag7_frame_10800.jpg',)",0.6241574883460999
894,894,val,"('/home/birk/Datasets/NjordYolo/05_hermes_dag7/images/05_hermes_dag7_frame_10825.jpg',)",0.5219337940216064
895,895,val,"('/home/birk/Datasets/NjordYolo/05_hermes_dag7/images/05_hermes_dag7_frame_10850.jpg',)",0.5216238498687744
896,896,val,"('/home/birk/Datasets/NjordYolo/05_hermes_dag7/images/05_hermes_dag7_frame_10875.jpg',)",0.521634578704834
897,897,val,"('/home/birk/Datasets/NjordYolo/05_hermes_dag7/images/05_hermes_dag7_frame_10900.jpg',)",0.5218761563301086
898,898,val,"('/home/birk/Datasets/NjordYolo/05_hermes_dag7/images/05_hermes_dag7_frame_10925.jpg',)",0.5219762325286865
899,899,val,"('/home/birk/Datasets/NjordYolo/05_hermes_dag7/images/05_hermes_dag7_frame_10950.jpg',)",0.5218378305435181
900,900,val,"('/home/birk/Datasets/NjordYolo/05_hermes_dag7/images/05_hermes_dag7_frame_10975.jpg',)",0.5218377113342285
902,902,val,"('/home/birk/Datasets/NjordYolo/05_hermes_dag7/images/05_hermes_dag7_frame_11000.jpg',)",0.5217256546020508
903,903,val,"('/home/birk/Datasets/NjordYolo/05_hermes_dag7/images/05_hermes_dag7_frame_11025.jpg',)",0.5217181444168091
904,904,val,"('/home/birk/Datasets/NjordYolo/05_hermes_dag7/images/05_hermes_dag7_frame_11050.jpg',)",0.5212075114250183
905,905,val,"('/home/birk/Datasets/NjordYolo/05_hermes_dag7/images/05_hermes_dag7_frame_11075.jpg',)",0.5459613800048828
906,906,val,"('/home/birk/Datasets/NjordYolo/05_hermes_dag7/images/05_hermes_dag7_frame_11100.jpg',)",0.5290995240211487
907,907,val,"('/home/birk/Datasets/NjordYolo/05_hermes_dag7/images/05_hermes_dag7_frame_11125.jpg',)",0.5290826559066772
908,908,val,"('/home/birk/Datasets/NjordYolo/05_hermes_dag7/images/05_hermes_dag7_frame_11150.jpg',)",0.5342859029769897
909,909,val,"('/home/birk/Datasets/NjordYolo/05_hermes_dag7/images/05_hermes_dag7_frame_11175.jpg',)",0.5293649435043335
910,910,val,"('/home/birk/Datasets/NjordYolo/05_hermes_dag7/images/05_hermes_dag7_frame_11200.jpg',)",0.5335918068885803
911,911,val,"('/home/birk/Datasets/NjordYolo/05_hermes_dag7/images/05_hermes_dag7_frame_11225.jpg',)",0.5217885971069336
913,913,val,"('/home/birk/Datasets/NjordYolo/05_hermes_dag7/images/05_hermes_dag7_frame_11250.jpg',)",0.5274760127067566
914,914,val,"('/home/birk/Datasets/NjordYolo/05_hermes_dag7/images/05_hermes_dag7_frame_11275.jpg',)",0.5158315300941467
919,919,val,"('/home/birk/Datasets/NjordYolo/05_hermes_dag7/images/05_hermes_dag7_frame_11400.jpg',)",0.605728268623352
920,920,val,"('/home/birk/Datasets/NjordYolo/05_hermes_dag7/images/05_hermes_dag7_frame_11425.jpg',)",0.6071091890335083
921,921,val,"('/home/birk/Datasets/NjordYolo/05_hermes_dag7/images/05_hermes_dag7_frame_11450.jpg',)",0.6072091460227966
922,922,val,"('/home/birk/Datasets/NjordYolo/05_hermes_dag7/images/05_hermes_dag7_frame_11475.jpg',)",0.6071896553039551
924,924,val,"('/home/birk/Datasets/NjordYolo/05_hermes_dag7/images/05_hermes_dag7_frame_11500.jpg',)",0.6106951236724854
925,925,val,"('/home/birk/Datasets/NjordYolo/05_hermes_dag7/images/05_hermes_dag7_frame_11525.jpg',)",0.6097671389579773
926,926,val,"('/home/birk/Datasets/NjordYolo/05_hermes_dag7/images/05_hermes_dag7_frame_11550.jpg',)",0.609588623046875
927,927,val,"('/home/birk/Datasets/NjordYolo/05_hermes_dag7/images/05_hermes_dag7_frame_11575.jpg',)",0.6754106879234314
928,928,val,"('/home/birk/Datasets/NjordYolo/05_hermes_dag7/images/05_hermes_dag7_frame_11600.jpg',)",0.6749207973480225
929,929,val,"('/home/birk/Datasets/NjordYolo/05_hermes_dag7/images/05_hermes_dag7_frame_11625.jpg',)",0.673807680606842
930,930,val,"('/home/birk/Datasets/NjordYolo/05_hermes_dag7/images/05_hermes_dag7_frame_11650.jpg',)",0.6963721513748169
931,931,val,"('/home/birk/Datasets/NjordYolo/05_hermes_dag7/images/05_hermes_dag7_frame_11675.jpg',)",0.6767163276672363
932,932,val,"('/home/birk/Datasets/NjordYolo/05_hermes_dag7/images/05_hermes_dag7_frame_11700.jpg',)",0.67634117603302
933,933,val,"('/home/birk/Datasets/NjordYolo/05_hermes_dag7/images/05_hermes_dag7_frame_11725.jpg',)",0.6734825968742371
935,935,val,"('/home/birk/Datasets/NjordYolo/05_hermes_dag7/images/05_hermes_dag7_frame_11750.jpg',)",0.6666362881660461
936,936,val,"('/home/birk/Datasets/NjordYolo/05_hermes_dag7/images/05_hermes_dag7_frame_11775.jpg',)",0.6216628551483154
937,937,val,"('/home/birk/Datasets/NjordYolo/05_hermes_dag7/images/05_hermes_dag7_frame_11800.jpg',)",0.6208910942077637
938,938,val,"('/home/birk/Datasets/NjordYolo/05_hermes_dag7/images/05_hermes_dag7_frame_11825.jpg',)",0.6229883432388306
939,939,val,"('/home/birk/Datasets/NjordYolo/05_hermes_dag7/images/05_hermes_dag7_frame_11850.jpg',)",0.6222584247589111
940,940,val,"('/home/birk/Datasets/NjordYolo/05_hermes_dag7/images/05_hermes_dag7_frame_11875.jpg',)",0.6217889785766602
941,941,val,"('/home/birk/Datasets/NjordYolo/05_hermes_dag7/images/05_hermes_dag7_frame_11900.jpg',)",0.6225309371948242
942,942,val,"('/home/birk/Datasets/NjordYolo/05_hermes_dag7/images/05_hermes_dag7_frame_11925.jpg',)",0.6233769655227661
943,943,val,"('/home/birk/Datasets/NjordYolo/05_hermes_dag7/images/05_hermes_dag7_frame_11950.jpg',)",0.6233576536178589
944,944,val,"('/home/birk/Datasets/NjordYolo/05_hermes_dag7/images/05_hermes_dag7_frame_11975.jpg',)",0.623971700668335
946,946,val,"('/home/birk/Datasets/NjordYolo/05_hermes_dag7/images/05_hermes_dag7_frame_12000.jpg',)",0.6221424341201782
947,947,val,"('/home/birk/Datasets/NjordYolo/05_hermes_dag7/images/05_hermes_dag7_frame_12025.jpg',)",0.7779568433761597
997,997,val,"('/home/birk/Datasets/NjordYolo/05_hermes_dag7/images/05_hermes_dag7_frame_13150.jpg',)",0.5413802862167358
998,998,val,"('/home/birk/Datasets/NjordYolo/05_hermes_dag7/images/05_hermes_dag7_frame_13175.jpg',)",0.5414838194847107
999,999,val,"('/home/birk/Datasets/NjordYolo/05_hermes_dag7/images/05_hermes_dag7_frame_13200.jpg',)",0.5421377420425415
1000,1000,val,"('/home/birk/Datasets/NjordYolo/05_hermes_dag7/images/05_hermes_dag7_frame_13225.jpg',)",0.5423864722251892
1002,1002,val,"('/home/birk/Datasets/NjordYolo/05_hermes_dag7/images/05_hermes_dag7_frame_13250.jpg',)",0.5421196222305298
1003,1003,val,"('/home/birk/Datasets/NjordYolo/05_hermes_dag7/images/05_hermes_dag7_frame_13275.jpg',)",0.5416067242622375
1004,1004,val,"('/home/birk/Datasets/NjordYolo/05_hermes_dag7/images/05_hermes_dag7_frame_13300.jpg',)",0.5415945649147034
1005,1005,val,"('/home/birk/Datasets/NjordYolo/05_hermes_dag7/images/05_hermes_dag7_frame_13325.jpg',)",0.5415968894958496
1006,1006,val,"('/home/birk/Datasets/NjordYolo/05_hermes_dag7/images/05_hermes_dag7_frame_13350.jpg',)",0.5418607592582703
1007,1007,val,"('/home/birk/Datasets/NjordYolo/05_hermes_dag7/images/05_hermes_dag7_frame_13375.jpg',)",0.5419924855232239
1008,1008,val,"('/home/birk/Datasets/NjordYolo/05_hermes_dag7/images/05_hermes_dag7_frame_13400.jpg',)",0.5426213145256042
1009,1009,val,"('/home/birk/Datasets/NjordYolo/05_hermes_dag7/images/05_hermes_dag7_frame_13425.jpg',)",0.5423787236213684
1010,1010,val,"('/home/birk/Datasets/NjordYolo/05_hermes_dag7/images/05_hermes_dag7_frame_13450.jpg',)",0.5417238473892212
1011,1011,val,"('/home/birk/Datasets/NjordYolo/05_hermes_dag7/images/05_hermes_dag7_frame_13475.jpg',)",0.5413288474082947
1013,1013,val,"('/home/birk/Datasets/NjordYolo/05_hermes_dag7/images/05_hermes_dag7_frame_13500.jpg',)",0.5418287515640259
1014,1014,val,"('/home/birk/Datasets/NjordYolo/05_hermes_dag7/images/05_hermes_dag7_frame_13525.jpg',)",0.541883111000061
1015,1015,val,"('/home/birk/Datasets/NjordYolo/05_hermes_dag7/images/05_hermes_dag7_frame_13550.jpg',)",0.5422744750976562
1016,1016,val,"('/home/birk/Datasets/NjordYolo/05_hermes_dag7/images/05_hermes_dag7_frame_13575.jpg',)",0.542661190032959
1017,1017,val,"('/home/birk/Datasets/NjordYolo/05_hermes_dag7/images/05_hermes_dag7_frame_13600.jpg',)",0.5425012707710266
1018,1018,val,"('/home/birk/Datasets/NjordYolo/05_hermes_dag7/images/05_hermes_dag7_frame_13625.jpg',)",0.541869044303894
1019,1019,val,"('/home/birk/Datasets/NjordYolo/05_hermes_dag7/images/05_hermes_dag7_frame_13650.jpg',)",0.5417331457138062
1020,1020,val,"('/home/birk/Datasets/NjordYolo/05_hermes_dag7/images/05_hermes_dag7_frame_13675.jpg',)",0.5417394638061523
1021,1021,val,"('/home/birk/Datasets/NjordYolo/05_hermes_dag7/images/05_hermes_dag7_frame_13700.jpg',)",0.5421318411827087
1022,1022,val,"('/home/birk/Datasets/NjordYolo/05_hermes_dag7/images/05_hermes_dag7_frame_13725.jpg',)",0.5425575971603394
1024,1024,val,"('/home/birk/Datasets/NjordYolo/05_hermes_dag7/images/05_hermes_dag7_frame_13750.jpg',)",0.5425474047660828
1025,1025,val,"('/home/birk/Datasets/NjordYolo/05_hermes_dag7/images/05_hermes_dag7_frame_13775.jpg',)",0.5419073700904846
1026,1026,val,"('/home/birk/Datasets/NjordYolo/05_hermes_dag7/images/05_hermes_dag7_frame_13800.jpg',)",0.5416383147239685
1027,1027,val,"('/home/birk/Datasets/NjordYolo/05_hermes_dag7/images/05_hermes_dag7_frame_13825.jpg',)",0.541267454624176
1028,1028,val,"('/home/birk/Datasets/NjordYolo/05_hermes_dag7/images/05_hermes_dag7_frame_13850.jpg',)",0.5415330529212952
1029,1029,val,"('/home/birk/Datasets/NjordYolo/05_hermes_dag7/images/05_hermes_dag7_frame_13875.jpg',)",0.5421660542488098
1030,1030,val,"('/home/birk/Datasets/NjordYolo/05_hermes_dag7/images/05_hermes_dag7_frame_13900.jpg',)",0.5426539182662964
1031,1031,val,"('/home/birk/Datasets/NjordYolo/05_hermes_dag7/images/05_hermes_dag7_frame_13925.jpg',)",0.5425150394439697
1032,1032,val,"('/home/birk/Datasets/NjordYolo/05_hermes_dag7/images/05_hermes_dag7_frame_13950.jpg',)",0.5418770909309387
1033,1033,val,"('/home/birk/Datasets/NjordYolo/05_hermes_dag7/images/05_hermes_dag7_frame_13975.jpg',)",0.5416149497032166
1035,1035,val,"('/home/birk/Datasets/NjordYolo/05_hermes_dag7/images/05_hermes_dag7_frame_14000.jpg',)",0.541530966758728
1036,1036,val,"('/home/birk/Datasets/NjordYolo/05_hermes_dag7/images/05_hermes_dag7_frame_14025.jpg',)",0.5417953729629517
1037,1037,val,"('/home/birk/Datasets/NjordYolo/05_hermes_dag7/images/05_hermes_dag7_frame_14050.jpg',)",0.5423141717910767
1038,1038,val,"('/home/birk/Datasets/NjordYolo/05_hermes_dag7/images/05_hermes_dag7_frame_14075.jpg',)",0.5423083305358887
1039,1039,val,"('/home/birk/Datasets/NjordYolo/05_hermes_dag7/images/05_hermes_dag7_frame_14100.jpg',)",0.5420275330543518
1040,1040,val,"('/home/birk/Datasets/NjordYolo/05_hermes_dag7/images/05_hermes_dag7_frame_14125.jpg',)",0.5415257811546326
1041,1041,val,"('/home/birk/Datasets/NjordYolo/05_hermes_dag7/images/05_hermes_dag7_frame_14150.jpg',)",0.5411214232444763
1042,1042,val,"('/home/birk/Datasets/NjordYolo/05_hermes_dag7/images/05_hermes_dag7_frame_14175.jpg',)",0.5417988300323486
1043,1043,val,"('/home/birk/Datasets/NjordYolo/05_hermes_dag7/images/05_hermes_dag7_frame_14200.jpg',)",0.5419245958328247
1044,1044,val,"('/home/birk/Datasets/NjordYolo/05_hermes_dag7/images/05_hermes_dag7_frame_14225.jpg',)",0.5424513816833496
1046,1046,val,"('/home/birk/Datasets/NjordYolo/05_hermes_dag7/images/05_hermes_dag7_frame_14250.jpg',)",0.5448676943778992
1047,1047,val,"('/home/birk/Datasets/NjordYolo/05_hermes_dag7/images/05_hermes_dag7_frame_14275.jpg',)",0.5536911487579346
1048,1048,val,"('/home/birk/Datasets/NjordYolo/05_hermes_dag7/images/05_hermes_dag7_frame_14300.jpg',)",0.5503311157226562
1049,1049,val,"('/home/birk/Datasets/NjordYolo/05_hermes_dag7/images/05_hermes_dag7_frame_14325.jpg',)",0.5406090617179871
1050,1050,val,"('/home/birk/Datasets/NjordYolo/05_hermes_dag7/images/05_hermes_dag7_frame_14350.jpg',)",0.5421358346939087
1051,1051,val,"('/home/birk/Datasets/NjordYolo/05_hermes_dag7/images/05_hermes_dag7_frame_14375.jpg',)",0.5286962389945984
1052,1052,val,"('/home/birk/Datasets/NjordYolo/05_hermes_dag7/images/05_hermes_dag7_frame_14400.jpg',)",0.5429122447967529
1053,1053,val,"('/home/birk/Datasets/NjordYolo/05_hermes_dag7/images/05_hermes_dag7_frame_14425.jpg',)",0.5443430542945862
1054,1054,val,"('/home/birk/Datasets/NjordYolo/05_hermes_dag7/images/05_hermes_dag7_frame_14450.jpg',)",0.5319805145263672
1055,1055,val,"('/home/birk/Datasets/NjordYolo/05_hermes_dag7/images/05_hermes_dag7_frame_14475.jpg',)",0.5259261131286621
1057,1057,val,"('/home/birk/Datasets/NjordYolo/05_hermes_dag7/images/05_hermes_dag7_frame_14500.jpg',)",0.5258854031562805
1058,1058,val,"('/home/birk/Datasets/NjordYolo/05_hermes_dag7/images/05_hermes_dag7_frame_14525.jpg',)",0.5260931849479675
1059,1059,val,"('/home/birk/Datasets/NjordYolo/05_hermes_dag7/images/05_hermes_dag7_frame_14550.jpg',)",0.51739501953125
1074,1074,val,"('/home/birk/Datasets/NjordYolo/05_hermes_dag7/images/05_hermes_dag7_frame_14900.jpg',)",0.6736714839935303
1075,1075,val,"('/home/birk/Datasets/NjordYolo/05_hermes_dag7/images/05_hermes_dag7_frame_14925.jpg',)",0.673804521560669
1076,1076,val,"('/home/birk/Datasets/NjordYolo/05_hermes_dag7/images/05_hermes_dag7_frame_14950.jpg',)",0.6744015216827393
1077,1077,val,"('/home/birk/Datasets/NjordYolo/05_hermes_dag7/images/05_hermes_dag7_frame_14975.jpg',)",0.6740064024925232
1137,1137,val,"('/home/birk/Datasets/NjordYolo/05_hermes_dag7/images/05_hermes_dag7_frame_2800.jpg',)",0.6078416109085083
1138,1138,val,"('/home/birk/Datasets/NjordYolo/05_hermes_dag7/images/05_hermes_dag7_frame_2825.jpg',)",0.6080706715583801
1139,1139,val,"('/home/birk/Datasets/NjordYolo/05_hermes_dag7/images/05_hermes_dag7_frame_2850.jpg',)",0.6080759763717651
1140,1140,val,"('/home/birk/Datasets/NjordYolo/05_hermes_dag7/images/05_hermes_dag7_frame_2875.jpg',)",0.6080812811851501
1141,1141,val,"('/home/birk/Datasets/NjordYolo/05_hermes_dag7/images/05_hermes_dag7_frame_2900.jpg',)",0.6080873012542725
1142,1142,val,"('/home/birk/Datasets/NjordYolo/05_hermes_dag7/images/05_hermes_dag7_frame_2925.jpg',)",0.6080923676490784
1143,1143,val,"('/home/birk/Datasets/NjordYolo/05_hermes_dag7/images/05_hermes_dag7_frame_2950.jpg',)",0.6080835461616516
1144,1144,val,"('/home/birk/Datasets/NjordYolo/05_hermes_dag7/images/05_hermes_dag7_frame_2975.jpg',)",0.6080839037895203
1146,1146,val,"('/home/birk/Datasets/NjordYolo/05_hermes_dag7/images/05_hermes_dag7_frame_3000.jpg',)",0.6080846786499023
1147,1147,val,"('/home/birk/Datasets/NjordYolo/05_hermes_dag7/images/05_hermes_dag7_frame_3025.jpg',)",0.6080851554870605
1148,1148,val,"('/home/birk/Datasets/NjordYolo/05_hermes_dag7/images/05_hermes_dag7_frame_3050.jpg',)",0.6080864667892456
1149,1149,val,"('/home/birk/Datasets/NjordYolo/05_hermes_dag7/images/05_hermes_dag7_frame_3075.jpg',)",0.6080948710441589
1150,1150,val,"('/home/birk/Datasets/NjordYolo/05_hermes_dag7/images/05_hermes_dag7_frame_3100.jpg',)",0.6078404188156128
1151,1151,val,"('/home/birk/Datasets/NjordYolo/05_hermes_dag7/images/05_hermes_dag7_frame_3125.jpg',)",0.6078391671180725
1152,1152,val,"('/home/birk/Datasets/NjordYolo/05_hermes_dag7/images/05_hermes_dag7_frame_3150.jpg',)",0.60807865858078
1153,1153,val,"('/home/birk/Datasets/NjordYolo/05_hermes_dag7/images/05_hermes_dag7_frame_3175.jpg',)",0.6080840229988098
1448,1448,val,"('/home/birk/Datasets/NjordYolo/05_hermes_dag7/images/05_hermes_dag7_frame_9825.jpg',)",0.550193190574646
1449,1449,val,"('/home/birk/Datasets/NjordYolo/05_hermes_dag7/images/05_hermes_dag7_frame_9850.jpg',)",0.5502980351448059
1450,1450,val,"('/home/birk/Datasets/NjordYolo/05_hermes_dag7/images/05_hermes_dag7_frame_9875.jpg',)",0.549599289894104
1451,1451,val,"('/home/birk/Datasets/NjordYolo/05_hermes_dag7/images/05_hermes_dag7_frame_9900.jpg',)",0.5494586825370789
1452,1452,val,"('/home/birk/Datasets/NjordYolo/05_hermes_dag7/images/05_hermes_dag7_frame_9925.jpg',)",0.55002361536026
1453,1453,val,"('/home/birk/Datasets/NjordYolo/05_hermes_dag7/images/05_hermes_dag7_frame_9950.jpg',)",0.5501959323883057
1454,1454,val,"('/home/birk/Datasets/NjordYolo/05_hermes_dag7/images/05_hermes_dag7_frame_9975.jpg',)",0.5508569478988647
1456,1456,val,"('/home/birk/Datasets/NjordYolo/06_hermes_dag28/images/06_hermes_dag28_frame_100.jpg',)",0.5332041382789612
1467,1467,val,"('/home/birk/Datasets/NjordYolo/06_hermes_dag28/images/06_hermes_dag28_frame_125.jpg',)",0.5333021879196167
1477,1477,val,"('/home/birk/Datasets/NjordYolo/06_hermes_dag28/images/06_hermes_dag28_frame_150.jpg',)",0.529391348361969
1478,1478,val,"('/home/birk/Datasets/NjordYolo/06_hermes_dag28/images/06_hermes_dag28_frame_175.jpg',)",0.5203782320022583
1479,1479,val,"('/home/birk/Datasets/NjordYolo/06_hermes_dag28/images/06_hermes_dag28_frame_200.jpg',)",0.5315597653388977
1480,1480,val,"('/home/birk/Datasets/NjordYolo/06_hermes_dag28/images/06_hermes_dag28_frame_225.jpg',)",0.5339747667312622
1481,1481,val,"('/home/birk/Datasets/NjordYolo/06_hermes_dag28/images/06_hermes_dag28_frame_25.jpg',)",0.5180176496505737
1482,1482,val,"('/home/birk/Datasets/NjordYolo/06_hermes_dag28/images/06_hermes_dag28_frame_250.jpg',)",0.5179517865180969
1483,1483,val,"('/home/birk/Datasets/NjordYolo/06_hermes_dag28/images/06_hermes_dag28_frame_275.jpg',)",0.5124588012695312
1484,1484,val,"('/home/birk/Datasets/NjordYolo/06_hermes_dag28/images/06_hermes_dag28_frame_300.jpg',)",0.5189671516418457
1485,1485,val,"('/home/birk/Datasets/NjordYolo/06_hermes_dag28/images/06_hermes_dag28_frame_325.jpg',)",0.5201917886734009
1486,1486,val,"('/home/birk/Datasets/NjordYolo/06_hermes_dag28/images/06_hermes_dag28_frame_350.jpg',)",0.5206051468849182
1487,1487,val,"('/home/birk/Datasets/NjordYolo/06_hermes_dag28/images/06_hermes_dag28_frame_375.jpg',)",0.5202008485794067
1488,1488,val,"('/home/birk/Datasets/NjordYolo/06_hermes_dag28/images/06_hermes_dag28_frame_400.jpg',)",0.5201770663261414
1489,1489,val,"('/home/birk/Datasets/NjordYolo/06_hermes_dag28/images/06_hermes_dag28_frame_425.jpg',)",0.5214040279388428
1490,1490,val,"('/home/birk/Datasets/NjordYolo/06_hermes_dag28/images/06_hermes_dag28_frame_450.jpg',)",0.5217469930648804
1491,1491,val,"('/home/birk/Datasets/NjordYolo/06_hermes_dag28/images/06_hermes_dag28_frame_475.jpg',)",0.5217681527137756
1492,1492,val,"('/home/birk/Datasets/NjordYolo/06_hermes_dag28/images/06_hermes_dag28_frame_50.jpg',)",0.5174858570098877
1493,1493,val,"('/home/birk/Datasets/NjordYolo/06_hermes_dag28/images/06_hermes_dag28_frame_500.jpg',)",0.5214200019836426
1494,1494,val,"('/home/birk/Datasets/NjordYolo/06_hermes_dag28/images/06_hermes_dag28_frame_525.jpg',)",0.5213647484779358
1495,1495,val,"('/home/birk/Datasets/NjordYolo/06_hermes_dag28/images/06_hermes_dag28_frame_550.jpg',)",0.5170485973358154
1496,1496,val,"('/home/birk/Datasets/NjordYolo/06_hermes_dag28/images/06_hermes_dag28_frame_575.jpg',)",0.5163321495056152
1503,1503,val,"('/home/birk/Datasets/NjordYolo/06_hermes_dag28/images/06_hermes_dag28_frame_75.jpg',)",0.5186392068862915
1515,1515,val,"('/home/birk/Datasets/NjordYolo/06_hermes_dag7/images/06_hermes_dag7_frame_100.jpg',)",0.7572501301765442
1526,1526,val,"('/home/birk/Datasets/NjordYolo/06_hermes_dag7/images/06_hermes_dag7_frame_125.jpg',)",0.4159971475601196
1537,1537,val,"('/home/birk/Datasets/NjordYolo/06_hermes_dag7/images/06_hermes_dag7_frame_150.jpg',)",0.5226901769638062
1548,1548,val,"('/home/birk/Datasets/NjordYolo/06_hermes_dag7/images/06_hermes_dag7_frame_175.jpg',)",0.5264265537261963
1552,1552,val,"('/home/birk/Datasets/NjordYolo/06_hermes_dag7/images/06_hermes_dag7_frame_200.jpg',)",0.5275152921676636
1553,1553,val,"('/home/birk/Datasets/NjordYolo/06_hermes_dag7/images/06_hermes_dag7_frame_225.jpg',)",0.5228782296180725
1554,1554,val,"('/home/birk/Datasets/NjordYolo/06_hermes_dag7/images/06_hermes_dag7_frame_25.jpg',)",0.6956731677055359
1555,1555,val,"('/home/birk/Datasets/NjordYolo/06_hermes_dag7/images/06_hermes_dag7_frame_250.jpg',)",0.5288910865783691
1556,1556,val,"('/home/birk/Datasets/NjordYolo/06_hermes_dag7/images/06_hermes_dag7_frame_275.jpg',)",0.5296148061752319
1557,1557,val,"('/home/birk/Datasets/NjordYolo/06_hermes_dag7/images/06_hermes_dag7_frame_300.jpg',)",0.5298012495040894
1558,1558,val,"('/home/birk/Datasets/NjordYolo/06_hermes_dag7/images/06_hermes_dag7_frame_325.jpg',)",0.5290451049804688
1559,1559,val,"('/home/birk/Datasets/NjordYolo/06_hermes_dag7/images/06_hermes_dag7_frame_350.jpg',)",0.5297756195068359
1560,1560,val,"('/home/birk/Datasets/NjordYolo/06_hermes_dag7/images/06_hermes_dag7_frame_375.jpg',)",0.5293752551078796
1561,1561,val,"('/home/birk/Datasets/NjordYolo/06_hermes_dag7/images/06_hermes_dag7_frame_400.jpg',)",0.5225157737731934
1562,1562,val,"('/home/birk/Datasets/NjordYolo/06_hermes_dag7/images/06_hermes_dag7_frame_425.jpg',)",0.5234549641609192
1563,1563,val,"('/home/birk/Datasets/NjordYolo/06_hermes_dag7/images/06_hermes_dag7_frame_450.jpg',)",0.523805558681488
1564,1564,val,"('/home/birk/Datasets/NjordYolo/06_hermes_dag7/images/06_hermes_dag7_frame_475.jpg',)",0.5300543308258057
1565,1565,val,"('/home/birk/Datasets/NjordYolo/06_hermes_dag7/images/06_hermes_dag7_frame_50.jpg',)",0.6734911799430847
1566,1566,val,"('/home/birk/Datasets/NjordYolo/06_hermes_dag7/images/06_hermes_dag7_frame_500.jpg',)",0.5246058702468872
1567,1567,val,"('/home/birk/Datasets/NjordYolo/06_hermes_dag7/images/06_hermes_dag7_frame_525.jpg',)",0.5287291407585144
1568,1568,val,"('/home/birk/Datasets/NjordYolo/06_hermes_dag7/images/06_hermes_dag7_frame_550.jpg',)",0.5291269421577454
1569,1569,val,"('/home/birk/Datasets/NjordYolo/06_hermes_dag7/images/06_hermes_dag7_frame_575.jpg',)",0.5226048231124878
1570,1570,val,"('/home/birk/Datasets/NjordYolo/06_hermes_dag7/images/06_hermes_dag7_frame_600.jpg',)",0.5274430513381958
1571,1571,val,"('/home/birk/Datasets/NjordYolo/06_hermes_dag7/images/06_hermes_dag7_frame_625.jpg',)",0.5273481607437134
1572,1572,val,"('/home/birk/Datasets/NjordYolo/06_hermes_dag7/images/06_hermes_dag7_frame_650.jpg',)",0.5288683176040649
1573,1573,val,"('/home/birk/Datasets/NjordYolo/06_hermes_dag7/images/06_hermes_dag7_frame_675.jpg',)",0.6070143580436707
1574,1574,val,"('/home/birk/Datasets/NjordYolo/06_hermes_dag7/images/06_hermes_dag7_frame_700.jpg',)",0.6203041672706604
1575,1575,val,"('/home/birk/Datasets/NjordYolo/06_hermes_dag7/images/06_hermes_dag7_frame_725.jpg',)",0.6190017461776733
1576,1576,val,"('/home/birk/Datasets/NjordYolo/06_hermes_dag7/images/06_hermes_dag7_frame_75.jpg',)",0.6925927400588989
1577,1577,val,"('/home/birk/Datasets/NjordYolo/06_hermes_dag7/images/06_hermes_dag7_frame_750.jpg',)",0.617894172668457
1578,1578,val,"('/home/birk/Datasets/NjordYolo/06_hermes_dag7/images/06_hermes_dag7_frame_775.jpg',)",0.6173899173736572
1579,1579,val,"('/home/birk/Datasets/NjordYolo/06_hermes_dag7/images/06_hermes_dag7_frame_800.jpg',)",0.6194047927856445
1580,1580,val,"('/home/birk/Datasets/NjordYolo/06_hermes_dag7/images/06_hermes_dag7_frame_825.jpg',)",0.6189104914665222
1581,1581,val,"('/home/birk/Datasets/NjordYolo/06_hermes_dag7/images/06_hermes_dag7_frame_850.jpg',)",0.6187675595283508
1582,1582,val,"('/home/birk/Datasets/NjordYolo/06_hermes_dag7/images/06_hermes_dag7_frame_875.jpg',)",0.6187747716903687
1884,297,ood,"('/home/birk/Datasets/NjordYolo/00_hermes_dag14/images/00_hermes_dag14_frame_3125.jpg',)",0.6427072286605835
1885,298,ood,"('/home/birk/Datasets/NjordYolo/00_hermes_dag14/images/00_hermes_dag14_frame_3150.jpg',)",0.6407221555709839
1929,342,ood,"('/home/birk/Datasets/NjordYolo/00_hermes_dag14/images/00_hermes_dag14_frame_4150.jpg',)",0.6989193558692932
1930,343,ood,"('/home/birk/Datasets/NjordYolo/00_hermes_dag14/images/00_hermes_dag14_frame_4175.jpg',)",0.7052384614944458
1931,344,ood,"('/home/birk/Datasets/NjordYolo/00_hermes_dag14/images/00_hermes_dag14_frame_4200.jpg',)",0.705721914768219
1932,345,ood,"('/home/birk/Datasets/NjordYolo/00_hermes_dag14/images/00_hermes_dag14_frame_4225.jpg',)",0.7048489451408386
1934,347,ood,"('/home/birk/Datasets/NjordYolo/00_hermes_dag14/images/00_hermes_dag14_frame_4250.jpg',)",0.7092658877372742
1935,348,ood,"('/home/birk/Datasets/NjordYolo/00_hermes_dag14/images/00_hermes_dag14_frame_4275.jpg',)",0.7091883420944214
1936,349,ood,"('/home/birk/Datasets/NjordYolo/00_hermes_dag14/images/00_hermes_dag14_frame_4300.jpg',)",0.6792490482330322
1937,350,ood,"('/home/birk/Datasets/NjordYolo/00_hermes_dag14/images/00_hermes_dag14_frame_4325.jpg',)",0.6803330183029175
1938,351,ood,"('/home/birk/Datasets/NjordYolo/00_hermes_dag14/images/00_hermes_dag14_frame_4350.jpg',)",0.709429144859314
2359,772,ood,"('/home/birk/Datasets/NjordYolo/04_hermes_dag3/images/04_hermes_dag3_frame_13800.jpg',)",0.5192902684211731
2360,773,ood,"('/home/birk/Datasets/NjordYolo/04_hermes_dag3/images/04_hermes_dag3_frame_13825.jpg',)",0.5535262823104858
2361,774,ood,"('/home/birk/Datasets/NjordYolo/04_hermes_dag3/images/04_hermes_dag3_frame_13850.jpg',)",0.5525680184364319
2362,775,ood,"('/home/birk/Datasets/NjordYolo/04_hermes_dag3/images/04_hermes_dag3_frame_13875.jpg',)",0.5229794979095459
2363,776,ood,"('/home/birk/Datasets/NjordYolo/04_hermes_dag3/images/04_hermes_dag3_frame_13900.jpg',)",0.5295278429985046
2364,777,ood,"('/home/birk/Datasets/NjordYolo/04_hermes_dag3/images/04_hermes_dag3_frame_13925.jpg',)",0.5301673412322998
2365,778,ood,"('/home/birk/Datasets/NjordYolo/04_hermes_dag3/images/04_hermes_dag3_frame_13950.jpg',)",0.529980480670929
2366,779,ood,"('/home/birk/Datasets/NjordYolo/04_hermes_dag3/images/04_hermes_dag3_frame_13975.jpg',)",0.5120257139205933
2368,781,ood,"('/home/birk/Datasets/NjordYolo/04_hermes_dag3/images/04_hermes_dag3_frame_14000.jpg',)",0.5549604892730713
2369,782,ood,"('/home/birk/Datasets/NjordYolo/04_hermes_dag3/images/04_hermes_dag3_frame_14025.jpg',)",0.5530388355255127
2392,805,ood,"('/home/birk/Datasets/NjordYolo/04_hermes_dag3/images/04_hermes_dag3_frame_14550.jpg',)",0.4253887236118316
2393,806,ood,"('/home/birk/Datasets/NjordYolo/04_hermes_dag3/images/04_hermes_dag3_frame_14575.jpg',)",0.4260240197181701
2394,807,ood,"('/home/birk/Datasets/NjordYolo/04_hermes_dag3/images/04_hermes_dag3_frame_14600.jpg',)",0.4265105724334717
2395,808,ood,"('/home/birk/Datasets/NjordYolo/04_hermes_dag3/images/04_hermes_dag3_frame_14625.jpg',)",0.4256688058376312
2396,809,ood,"('/home/birk/Datasets/NjordYolo/04_hermes_dag3/images/04_hermes_dag3_frame_14650.jpg',)",0.4256938397884369
2397,810,ood,"('/home/birk/Datasets/NjordYolo/04_hermes_dag3/images/04_hermes_dag3_frame_14675.jpg',)",0.4245899021625519
2398,811,ood,"('/home/birk/Datasets/NjordYolo/04_hermes_dag3/images/04_hermes_dag3_frame_14700.jpg',)",0.4260528087615967
2399,812,ood,"('/home/birk/Datasets/NjordYolo/04_hermes_dag3/images/04_hermes_dag3_frame_14725.jpg',)",0.4259195327758789
2401,814,ood,"('/home/birk/Datasets/NjordYolo/04_hermes_dag3/images/04_hermes_dag3_frame_14750.jpg',)",0.4250840842723846
2402,815,ood,"('/home/birk/Datasets/NjordYolo/04_hermes_dag3/images/04_hermes_dag3_frame_14775.jpg',)",0.4261704683303833
2851,1264,ood,"('/home/birk/Datasets/NjordYolo/05_hermes_dag26/images/05_hermes_dag26_frame_11375.jpg',)",0.6754449009895325
2852,1265,ood,"('/home/birk/Datasets/NjordYolo/05_hermes_dag26/images/05_hermes_dag26_frame_11400.jpg',)",0.6749519109725952
2853,1266,ood,"('/home/birk/Datasets/NjordYolo/05_hermes_dag26/images/05_hermes_dag26_frame_11425.jpg',)",0.6751958727836609
2951,1364,ood,"('/home/birk/Datasets/NjordYolo/05_hermes_dag26/images/05_hermes_dag26_frame_13625.jpg',)",0.6593313217163086
2952,1365,ood,"('/home/birk/Datasets/NjordYolo/05_hermes_dag26/images/05_hermes_dag26_frame_13650.jpg',)",0.659571647644043
2953,1366,ood,"('/home/birk/Datasets/NjordYolo/05_hermes_dag26/images/05_hermes_dag26_frame_13675.jpg',)",0.659571647644043
2954,1367,ood,"('/home/birk/Datasets/NjordYolo/05_hermes_dag26/images/05_hermes_dag26_frame_13700.jpg',)",0.659571647644043
2955,1368,ood,"('/home/birk/Datasets/NjordYolo/05_hermes_dag26/images/05_hermes_dag26_frame_13725.jpg',)",0.659571647644043
2957,1370,ood,"('/home/birk/Datasets/NjordYolo/05_hermes_dag26/images/05_hermes_dag26_frame_13750.jpg',)",0.659576952457428
2958,1371,ood,"('/home/birk/Datasets/NjordYolo/05_hermes_dag26/images/05_hermes_dag26_frame_13775.jpg',)",0.6593320965766907
2959,1372,ood,"('/home/birk/Datasets/NjordYolo/05_hermes_dag26/images/05_hermes_dag26_frame_13800.jpg',)",0.6593320965766907
2960,1373,ood,"('/home/birk/Datasets/NjordYolo/05_hermes_dag26/images/05_hermes_dag26_frame_13825.jpg',)",0.6593320965766907
2961,1374,ood,"('/home/birk/Datasets/NjordYolo/05_hermes_dag26/images/05_hermes_dag26_frame_13850.jpg',)",0.6593320965766907
2962,1375,ood,"('/home/birk/Datasets/NjordYolo/05_hermes_dag26/images/05_hermes_dag26_frame_13875.jpg',)",0.6595755219459534
2963,1376,ood,"('/home/birk/Datasets/NjordYolo/05_hermes_dag26/images/05_hermes_dag26_frame_13900.jpg',)",0.659332275390625
2964,1377,ood,"('/home/birk/Datasets/NjordYolo/05_hermes_dag26/images/05_hermes_dag26_frame_13925.jpg',)",0.659332275390625
2965,1378,ood,"('/home/birk/Datasets/NjordYolo/05_hermes_dag26/images/05_hermes_dag26_frame_13950.jpg',)",0.659332275390625
2966,1379,ood,"('/home/birk/Datasets/NjordYolo/05_hermes_dag26/images/05_hermes_dag26_frame_13975.jpg',)",0.659332275390625
2968,1381,ood,"('/home/birk/Datasets/NjordYolo/05_hermes_dag26/images/05_hermes_dag26_frame_14000.jpg',)",0.6595706343650818
2969,1382,ood,"('/home/birk/Datasets/NjordYolo/05_hermes_dag26/images/05_hermes_dag26_frame_14025.jpg',)",0.6593291163444519
2970,1383,ood,"('/home/birk/Datasets/NjordYolo/05_hermes_dag26/images/05_hermes_dag26_frame_14050.jpg',)",0.6593291163444519
2971,1384,ood,"('/home/birk/Datasets/NjordYolo/05_hermes_dag26/images/05_hermes_dag26_frame_14075.jpg',)",0.6593291163444519
2972,1385,ood,"('/home/birk/Datasets/NjordYolo/05_hermes_dag26/images/05_hermes_dag26_frame_14100.jpg',)",0.6593291163444519
2973,1386,ood,"('/home/birk/Datasets/NjordYolo/05_hermes_dag26/images/05_hermes_dag26_frame_14125.jpg',)",0.6593324542045593
2974,1387,ood,"('/home/birk/Datasets/NjordYolo/05_hermes_dag26/images/05_hermes_dag26_frame_14150.jpg',)",0.6659179329872131
2975,1388,ood,"('/home/birk/Datasets/NjordYolo/05_hermes_dag26/images/05_hermes_dag26_frame_14175.jpg',)",0.6778692603111267
2976,1389,ood,"('/home/birk/Datasets/NjordYolo/05_hermes_dag26/images/05_hermes_dag26_frame_14200.jpg',)",0.6778603792190552
2977,1390,ood,"('/home/birk/Datasets/NjordYolo/05_hermes_dag26/images/05_hermes_dag26_frame_14225.jpg',)",0.6776189208030701
2979,1392,ood,"('/home/birk/Datasets/NjordYolo/05_hermes_dag26/images/05_hermes_dag26_frame_14250.jpg',)",0.6776263117790222
2980,1393,ood,"('/home/birk/Datasets/NjordYolo/05_hermes_dag26/images/05_hermes_dag26_frame_14275.jpg',)",0.6776258945465088
2981,1394,ood,"('/home/birk/Datasets/NjordYolo/05_hermes_dag26/images/05_hermes_dag26_frame_14300.jpg',)",0.6773812770843506
2982,1395,ood,"('/home/birk/Datasets/NjordYolo/05_hermes_dag26/images/05_hermes_dag26_frame_14325.jpg',)",0.6773720383644104
2983,1396,ood,"('/home/birk/Datasets/NjordYolo/05_hermes_dag26/images/05_hermes_dag26_frame_14350.jpg',)",0.6776121854782104
2984,1397,ood,"('/home/birk/Datasets/NjordYolo/05_hermes_dag26/images/05_hermes_dag26_frame_14375.jpg',)",0.6776136159896851
2985,1398,ood,"('/home/birk/Datasets/NjordYolo/05_hermes_dag26/images/05_hermes_dag26_frame_14400.jpg',)",0.6778585910797119
2986,1399,ood,"('/home/birk/Datasets/NjordYolo/05_hermes_dag26/images/05_hermes_dag26_frame_14425.jpg',)",0.6778573393821716
2987,1400,ood,"('/home/birk/Datasets/NjordYolo/05_hermes_dag26/images/05_hermes_dag26_frame_14450.jpg',)",0.677614688873291
3005,1418,ood,"('/home/birk/Datasets/NjordYolo/05_hermes_dag26/images/05_hermes_dag26_frame_1825.jpg',)",0.6184684038162231
3006,1419,ood,"('/home/birk/Datasets/NjordYolo/05_hermes_dag26/images/05_hermes_dag26_frame_1850.jpg',)",0.6090676188468933
3007,1420,ood,"('/home/birk/Datasets/NjordYolo/05_hermes_dag26/images/05_hermes_dag26_frame_1875.jpg',)",0.6079971790313721
3008,1421,ood,"('/home/birk/Datasets/NjordYolo/05_hermes_dag26/images/05_hermes_dag26_frame_1900.jpg',)",0.6073572039604187
3009,1422,ood,"('/home/birk/Datasets/NjordYolo/05_hermes_dag26/images/05_hermes_dag26_frame_1925.jpg',)",0.6119574904441833
3010,1423,ood,"('/home/birk/Datasets/NjordYolo/05_hermes_dag26/images/05_hermes_dag26_frame_1950.jpg',)",0.6224885582923889
3011,1424,ood,"('/home/birk/Datasets/NjordYolo/05_hermes_dag26/images/05_hermes_dag26_frame_1975.jpg',)",0.6221796274185181
3013,1426,ood,"('/home/birk/Datasets/NjordYolo/05_hermes_dag26/images/05_hermes_dag26_frame_2000.jpg',)",0.6186494827270508
3014,1427,ood,"('/home/birk/Datasets/NjordYolo/05_hermes_dag26/images/05_hermes_dag26_frame_2025.jpg',)",0.6174852848052979
3016,1429,ood,"('/home/birk/Datasets/NjordYolo/05_hermes_dag26/images/05_hermes_dag26_frame_2075.jpg',)",0.5343652963638306
3017,1430,ood,"('/home/birk/Datasets/NjordYolo/05_hermes_dag26/images/05_hermes_dag26_frame_2100.jpg',)",0.528685986995697
3018,1431,ood,"('/home/birk/Datasets/NjordYolo/05_hermes_dag26/images/05_hermes_dag26_frame_2125.jpg',)",0.5259004831314087
3019,1432,ood,"('/home/birk/Datasets/NjordYolo/05_hermes_dag26/images/05_hermes_dag26_frame_2150.jpg',)",0.532550573348999
3020,1433,ood,"('/home/birk/Datasets/NjordYolo/05_hermes_dag26/images/05_hermes_dag26_frame_2175.jpg',)",0.5349006056785583
3021,1434,ood,"('/home/birk/Datasets/NjordYolo/05_hermes_dag26/images/05_hermes_dag26_frame_2200.jpg',)",0.5364315509796143
3022,1435,ood,"('/home/birk/Datasets/NjordYolo/05_hermes_dag26/images/05_hermes_dag26_frame_2225.jpg',)",0.5359042882919312
3024,1437,ood,"('/home/birk/Datasets/NjordYolo/05_hermes_dag26/images/05_hermes_dag26_frame_2250.jpg',)",0.5354351997375488
3025,1438,ood,"('/home/birk/Datasets/NjordYolo/05_hermes_dag26/images/05_hermes_dag26_frame_2275.jpg',)",0.5357184410095215
3026,1439,ood,"('/home/birk/Datasets/NjordYolo/05_hermes_dag26/images/05_hermes_dag26_frame_2300.jpg',)",0.5359476804733276
3027,1440,ood,"('/home/birk/Datasets/NjordYolo/05_hermes_dag26/images/05_hermes_dag26_frame_2325.jpg',)",0.5358684659004211
3028,1441,ood,"('/home/birk/Datasets/NjordYolo/05_hermes_dag26/images/05_hermes_dag26_frame_2350.jpg',)",0.5368137359619141
3029,1442,ood,"('/home/birk/Datasets/NjordYolo/05_hermes_dag26/images/05_hermes_dag26_frame_2375.jpg',)",0.5365847945213318
3030,1443,ood,"('/home/birk/Datasets/NjordYolo/05_hermes_dag26/images/05_hermes_dag26_frame_2400.jpg',)",0.536281943321228
3031,1444,ood,"('/home/birk/Datasets/NjordYolo/05_hermes_dag26/images/05_hermes_dag26_frame_2425.jpg',)",0.5354558825492859
3088,1501,ood,"('/home/birk/Datasets/NjordYolo/05_hermes_dag26/images/05_hermes_dag26_frame_3700.jpg',)",0.5286856293678284
3089,1502,ood,"('/home/birk/Datasets/NjordYolo/05_hermes_dag26/images/05_hermes_dag26_frame_3725.jpg',)",0.5277766585350037
3091,1504,ood,"('/home/birk/Datasets/NjordYolo/05_hermes_dag26/images/05_hermes_dag26_frame_3750.jpg',)",0.5375730395317078
3092,1505,ood,"('/home/birk/Datasets/NjordYolo/05_hermes_dag26/images/05_hermes_dag26_frame_3775.jpg',)",0.5266202688217163
3093,1506,ood,"('/home/birk/Datasets/NjordYolo/05_hermes_dag26/images/05_hermes_dag26_frame_3800.jpg',)",0.5268495678901672
3094,1507,ood,"('/home/birk/Datasets/NjordYolo/05_hermes_dag26/images/05_hermes_dag26_frame_3825.jpg',)",0.5375243425369263
3095,1508,ood,"('/home/birk/Datasets/NjordYolo/05_hermes_dag26/images/05_hermes_dag26_frame_3850.jpg',)",0.5388716459274292
3096,1509,ood,"('/home/birk/Datasets/NjordYolo/05_hermes_dag26/images/05_hermes_dag26_frame_3875.jpg',)",0.5392650365829468
3097,1510,ood,"('/home/birk/Datasets/NjordYolo/05_hermes_dag26/images/05_hermes_dag26_frame_3900.jpg',)",0.5384339690208435
3098,1511,ood,"('/home/birk/Datasets/NjordYolo/05_hermes_dag26/images/05_hermes_dag26_frame_3925.jpg',)",0.5386239290237427
3099,1512,ood,"('/home/birk/Datasets/NjordYolo/05_hermes_dag26/images/05_hermes_dag26_frame_3950.jpg',)",0.5385909676551819
3100,1513,ood,"('/home/birk/Datasets/NjordYolo/05_hermes_dag26/images/05_hermes_dag26_frame_3975.jpg',)",0.538374662399292
3102,1515,ood,"('/home/birk/Datasets/NjordYolo/05_hermes_dag26/images/05_hermes_dag26_frame_4000.jpg',)",0.5393719673156738
3103,1516,ood,"('/home/birk/Datasets/NjordYolo/05_hermes_dag26/images/05_hermes_dag26_frame_4025.jpg',)",0.5395294427871704
3104,1517,ood,"('/home/birk/Datasets/NjordYolo/05_hermes_dag26/images/05_hermes_dag26_frame_4050.jpg',)",0.5390854477882385
3105,1518,ood,"('/home/birk/Datasets/NjordYolo/05_hermes_dag26/images/05_hermes_dag26_frame_4075.jpg',)",0.5384013056755066
3106,1519,ood,"('/home/birk/Datasets/NjordYolo/05_hermes_dag26/images/05_hermes_dag26_frame_4100.jpg',)",0.5386245846748352
3107,1520,ood,"('/home/birk/Datasets/NjordYolo/05_hermes_dag26/images/05_hermes_dag26_frame_4125.jpg',)",0.5386427044868469
3108,1521,ood,"('/home/birk/Datasets/NjordYolo/05_hermes_dag26/images/05_hermes_dag26_frame_4150.jpg',)",0.5388265252113342
3109,1522,ood,"('/home/birk/Datasets/NjordYolo/05_hermes_dag26/images/05_hermes_dag26_frame_4175.jpg',)",0.5389752388000488
3110,1523,ood,"('/home/birk/Datasets/NjordYolo/05_hermes_dag26/images/05_hermes_dag26_frame_4200.jpg',)",0.5389723181724548
3111,1524,ood,"('/home/birk/Datasets/NjordYolo/05_hermes_dag26/images/05_hermes_dag26_frame_4225.jpg',)",0.5384227633476257
3113,1526,ood,"('/home/birk/Datasets/NjordYolo/05_hermes_dag26/images/05_hermes_dag26_frame_4250.jpg',)",0.5382480621337891
3132,1545,ood,"('/home/birk/Datasets/NjordYolo/05_hermes_dag26/images/05_hermes_dag26_frame_4700.jpg',)",0.5301494002342224
3133,1546,ood,"('/home/birk/Datasets/NjordYolo/05_hermes_dag26/images/05_hermes_dag26_frame_4725.jpg',)",0.5301517844200134
3135,1548,ood,"('/home/birk/Datasets/NjordYolo/05_hermes_dag26/images/05_hermes_dag26_frame_4750.jpg',)",0.5300244092941284
3136,1549,ood,"('/home/birk/Datasets/NjordYolo/05_hermes_dag26/images/05_hermes_dag26_frame_4775.jpg',)",0.5301353931427002
3137,1550,ood,"('/home/birk/Datasets/NjordYolo/05_hermes_dag26/images/05_hermes_dag26_frame_4800.jpg',)",0.5302680134773254
3138,1551,ood,"('/home/birk/Datasets/NjordYolo/05_hermes_dag26/images/05_hermes_dag26_frame_4825.jpg',)",0.5302663445472717
3139,1552,ood,"('/home/birk/Datasets/NjordYolo/05_hermes_dag26/images/05_hermes_dag26_frame_4850.jpg',)",0.5303915739059448
3140,1553,ood,"('/home/birk/Datasets/NjordYolo/05_hermes_dag26/images/05_hermes_dag26_frame_4875.jpg',)",0.5305382013320923
3141,1554,ood,"('/home/birk/Datasets/NjordYolo/05_hermes_dag26/images/05_hermes_dag26_frame_4900.jpg',)",0.5305325388908386
3142,1555,ood,"('/home/birk/Datasets/NjordYolo/05_hermes_dag26/images/05_hermes_dag26_frame_4925.jpg',)",0.5309060215950012
3143,1556,ood,"('/home/birk/Datasets/NjordYolo/05_hermes_dag26/images/05_hermes_dag26_frame_4950.jpg',)",0.7591111660003662
3144,1557,ood,"('/home/birk/Datasets/NjordYolo/05_hermes_dag26/images/05_hermes_dag26_frame_4975.jpg',)",0.7599506378173828
3147,1560,ood,"('/home/birk/Datasets/NjordYolo/05_hermes_dag26/images/05_hermes_dag26_frame_5000.jpg',)",0.7704014182090759
3148,1561,ood,"('/home/birk/Datasets/NjordYolo/05_hermes_dag26/images/05_hermes_dag26_frame_5025.jpg',)",0.760769784450531
3149,1562,ood,"('/home/birk/Datasets/NjordYolo/05_hermes_dag26/images/05_hermes_dag26_frame_5050.jpg',)",0.760858416557312
3150,1563,ood,"('/home/birk/Datasets/NjordYolo/05_hermes_dag26/images/05_hermes_dag26_frame_5075.jpg',)",0.7307175993919373
3151,1564,ood,"('/home/birk/Datasets/NjordYolo/05_hermes_dag26/images/05_hermes_dag26_frame_5100.jpg',)",0.7297012805938721
3152,1565,ood,"('/home/birk/Datasets/NjordYolo/05_hermes_dag26/images/05_hermes_dag26_frame_5125.jpg',)",0.655022144317627
3153,1566,ood,"('/home/birk/Datasets/NjordYolo/05_hermes_dag26/images/05_hermes_dag26_frame_5150.jpg',)",0.6551913022994995
3154,1567,ood,"('/home/birk/Datasets/NjordYolo/05_hermes_dag26/images/05_hermes_dag26_frame_5175.jpg',)",0.6749258637428284
3274,1687,ood,"('/home/birk/Datasets/NjordYolo/05_hermes_dag26/images/05_hermes_dag26_frame_7875.jpg',)",0.6722537875175476
3297,1710,ood,"('/home/birk/Datasets/NjordYolo/05_hermes_dag26/images/05_hermes_dag26_frame_8400.jpg',)",0.5177831649780273
3298,1711,ood,"('/home/birk/Datasets/NjordYolo/05_hermes_dag26/images/05_hermes_dag26_frame_8425.jpg',)",0.5176110863685608
3299,1712,ood,"('/home/birk/Datasets/NjordYolo/05_hermes_dag26/images/05_hermes_dag26_frame_8450.jpg',)",0.5253020524978638
3357,1770,ood,"('/home/birk/Datasets/NjordYolo/05_hermes_dag26/images/05_hermes_dag26_frame_9750.jpg',)",0.5215091705322266
3358,1771,ood,"('/home/birk/Datasets/NjordYolo/05_hermes_dag26/images/05_hermes_dag26_frame_9775.jpg',)",0.5397716164588928
3359,1772,ood,"('/home/birk/Datasets/NjordYolo/05_hermes_dag26/images/05_hermes_dag26_frame_9800.jpg',)",0.5223436951637268
3374,1787,ood,"('/home/birk/Datasets/NjordYolo/06_hermes_dag29/images/06_hermes_dag29_frame_25.jpg',)",0.5664833784103394
3385,1798,ood,"('/home/birk/Datasets/NjordYolo/06_hermes_dag29/images/06_hermes_dag29_frame_50.jpg',)",0.566605269908905
